POI Name,POI Latitude,POI Longitude,Category,Rating,Popularity
starbucks (ستاربكس),26.406848,50.13808,Coffee Shop,9.3,0.9851474380884316
dr.cafe coffee | د. كيف,26.407708,50.137617,Coffee Shop,8.3,0.7110482760049301
garden gate (قاردن قيت),26.398221,50.127066,Coffee Shop,9.0,0.9819055609068972
boss cafe,26.412653,50.173107,Coffee Shop,9.0,0.9951009332049012
coffee valley (وادي القهوة),26.38801,50.149305,Coffee Shop,8.4,0.9350278097132028
la mode cafe at novotel business park,26.40754,50.138548,Coffee Shop,7.5,0.9732363877409398
starbucks (ستاربكس),26.430711,50.13335,Coffee Shop,8.2,0.9940651896964235
ستاربكس,26.410375,50.126388,Coffee Shop,7.8,0.3971869206309749
ستاربكس,26.411754,50.169067,Coffee Shop,7.9,0.8923655345990119
lounge cafe (لاونج كافيه),26.410375,50.126388,Coffee Shop,7.7,0.341608923966069
coffee company,26.388844,50.154169,Coffee Shop,7.8,0.9913826140094668
قهوه الطريق,26.410087,50.156028,Coffee Shop,7.1,0.9400615231644036
كوستا كوفي,26.412672,50.115727,Coffee Shop,7.1,0.9285336979150484
novetel hotel cafe,26.40754,50.138548,Coffee Shop,6.0,0.8921169561569773
مقهى الكهف الاسود,26.402387,50.139299,Coffee Shop,,0.9901086494940392
دانكن دونتس,26.410003,50.133322,Coffee Shop,,0.9231581891060496
nasj,26.399351,50.138238,Coffee Shop,,0.9561776921563144
derby coffee,26.396463,50.147908,Coffee Shop,,0.956011973194958
saudi airlines catering,26.410329,50.126577,Coffee Shop,,0.8543951775782245
daily break,26.411297,50.125908,Coffee Shop,,0.1232431200737449
fresh berry,26.401876,50.16391,Coffee Shop,,0.8911329998239236
noon café,26.407082,50.123352,Coffee Shop,,0.9302219598338668
del monte,26.41137,50.168991,Coffee Shop,,0.8598742607380708
kyan,26.430088,50.134441,Coffee Shop,,0.5238687091528654
verocci cafe,26.415074,50.170322,Coffee Shop,,0.9936198199877784
pianolla,26.388011,50.149542,Coffee Shop,,0.44564935939264
nespresso office in dammam,26.392554,50.162118,Coffee Shop,,0.8759593574247273
durbai coffee,26.414136,50.119659,Coffee Shop,,0.1166868636650819
silent crack coffee roasters,26.386515,50.144083,Coffee Shop,,0.0986545691824876
oyo 411 moon hotel,26.429487,50.129455,Coffee Shop,,0.2910439258821945
abdullah fouad dammam 32236 saudi arabia (2781 طريق الأمير محمد بن فهد),26.411057,50.118435,Coffee Shop,,0.9553801696547868
segafredo zantti espresso,26.40411,50.117096,Coffee Shop,,0.9441112802825508
star bucks,26.412578,50.11575,Coffee Shop,,0.915856197371283
overloft café,26.41581,50.11632,Coffee Shop,,0.6221296958021315
saadeddin cafe,26.400607,50.117657,Coffee Shop,,0.9433862598266164
starbucks (ستاربكس),26.400343,50.117202,Coffee Shop,8.9,0.9902018664098022
starbucks (ستاربكس),26.401618,50.115742,Coffee Shop,8.9,0.9674258666583808
ojair coffee (اوجير كوفي),26.411095,50.114829,Coffee Shop,9.4,0.996996343825415
mafaz (مَفَاز),26.406929,50.112725,Coffee Shop,9.4,0.9971620627867714
tim hortons (تيم هورتنز),26.400097,50.116794,Coffee Shop,8.5,0.9979595852882992
onda coffee (اوندا كافيه),26.376212,50.122733,Coffee Shop,8.9,0.998291023211012
road cafe,26.389654,50.112863,Coffee Shop,8.8,0.9705227397487286
كوستا كوفي - الشرقية,26.400957,50.116567,Coffee Shop,8.0,0.9910304612165844
كواليس,26.380289,50.148443,Coffee Shop,7.9,0.9521590073434216
سينزيو,26.400281,50.116745,Coffee Shop,7.8,0.6322281950097878
ستاربكس,26.380995,50.148118,Coffee Shop,7.7,0.9946348486260862
dip n dip (dip n dip),26.40031,50.1152,Coffee Shop,7.7,0.9221431604677418
cafe liwan (قهوة ليوان),26.401203,50.116266,Coffee Shop,7.4,0.9221224455975722
pianolla (بيانولا),26.40071,50.115213,Coffee Shop,7.2,0.8870936001408611
مقلط الفريج,26.400988,50.116677,Coffee Shop,6.9,0.9788086878165492
oliver brown chocolate cafe,26.400097,50.116794,Coffee Shop,6.9,0.9186837771494268
coffee valley (وادي القهوة),26.413057,50.115566,Coffee Shop,6.4,0.9368921480284622
ديوانية شما,26.400727,50.116332,Coffee Shop,6.0,0.9036551388414172
or coffee,26.38349,50.140061,Coffee Shop,,0.9831588105521548
sq coffee roasters,26.380798,50.144406,Coffee Shop,,0.9764471926172202
roma house cafe,26.396363,50.119375,Coffee Shop,,0.4682699976177899
sagafredo cafe,26.397176,50.117682,Coffee Shop,,0.8848046069871257
freej cafe (فريج كافيه),26.399713,50.117427,Coffee Shop,,0.8979999792851299
barkadelo,26.400266,50.117281,Coffee Shop,,0.7345285813421164
mycrepe,26.400251,50.117345,Coffee Shop,,0.5079493314275653
freej cafe,26.398636,50.11712,Coffee Shop,,0.4616515965986183
papparoti,26.400405,50.117186,Coffee Shop,,0.9301287429181038
keep (كيب),26.406332,50.186919,Coffee Shop,7.9,0.9569774595652648
black swan cafe (مقهى بلاك سوان),26.388352,50.178233,Coffee Shop,9.0,0.9675294410092284
greenberry’s coffee co,26.405829,50.185635,Coffee Shop,7.8,0.9817995116109776
7degrees truck,26.381041,50.183935,Coffee Shop,8.7,0.8679323452340263
kiara (كيارا),26.382683,50.212681,Coffee Shop,7.4,0.8384585677968377
joffrey's cafe,26.390953,50.184816,Coffee Shop,7.1,0.7355130279699484
mana (مانا),26.388691,50.178498,Coffee Shop,7.2,0.3554671721094988
boulevard coffee (بوليڤارد كوفي),26.387051,50.187141,Coffee Shop,6.5,0.9761467605067836
al shathlya (ديوانية الشاذلية),26.406525,50.200045,Coffee Shop,,0.3377180187708227
hokm cafe مقهى حُكم,26.406018,50.186901,Coffee Shop,,0.1473257513552471
hokm,26.406324,50.186832,Coffee Shop,,0.9989570549258872
söt kanel (سُوت كانيل),26.406255,50.186542,Coffee Shop,,0.7688271601403708
oslo,26.405622,50.185532,Coffee Shop,,0.6018204585655065
nai (ناي),26.393831,50.193572,Coffee Shop,,0.9994710963965816
كوستا كوفي,26.390247,50.186065,Coffee Shop,5.8,0.9374838383849952
cafe 88,26.393292,50.191055,Coffee Shop,,0.9619565030674144
café jamoka by pattis france,26.386837,50.188733,Coffee Shop,5.8,0.1177790425859907
solin caffe,26.390647,50.187733,Coffee Shop,,0.1116396075328109
segafredo zanetti,26.391429,50.184987,Coffee Shop,,0.5347832310861865
cafe 88 dental college uod,26.409084,50.177689,Coffee Shop,,0.8750375457021823
essse café,26.409114,50.177799,Coffee Shop,,0.6599446912966473
كاسبُن kasbon,26.390247,50.186065,Coffee Shop,,0.805859650314885
leaves cafe,26.390047,50.185941,Coffee Shop,,0.970261355948206
coffee 88,26.389493,50.184432,Coffee Shop,,0.0761058005707924
ud - miss chuao,26.386898,50.188717,Coffee Shop,,0.4116808983039481
33 speciality coffee,26.386784,50.188795,Coffee Shop,,0.9831803666136948
arabia,26.386652,50.188782,Coffee Shop,,0.8614855337878754
bonheur caffee (مقهى بونور),26.387128,50.187062,Coffee Shop,,0.9350412316025438
joffrey's (جوفريز),26.397602,50.175683,Coffee Shop,,0.5034645620358574
joffrey's | college of engineering,26.387388,50.185517,Coffee Shop,,0.9555480226937642
solin coffee,26.385669,50.189749,Coffee Shop,,0.4899518113160634
papparoti cafe [dahran mall],26.417607,50.213617,Coffee Shop,,0.969622436934232
"7864 king saud rd, as safa, dammam 34222, saudi arabia",26.392225,50.178397,Coffee Shop,,0.9685030399071972
11:11 make a wish (١١:١١ ميك أ وش),26.391426,50.178134,Coffee Shop,,0.5456814674414028
swan coffe,26.390842,50.177933,Coffee Shop,,0.8337010222788429
اولدن,26.413507,50.17321,Coffee Shop,,0.8672073247780919
هوبرا,26.416963,50.217311,Coffee Shop,,0.7687416519794948
kasbon,26.384635,50.183867,Coffee Shop,,0.4293156842639489
kasbon,26.384147,50.184023,Coffee Shop,,0.1734248930594827
شاهي ابو قحط,26.386477,50.178134,Coffee Shop,,0.8779894147013434
cofféa,26.411983,50.169112,Coffee Shop,,0.3122145231954759
مقهى جمريه,26.383819,50.178183,Coffee Shop,,0.1334555510673336
best cafe,26.42899,50.068337,Coffee Shop,8.6,0.9896529223503092
tim hortons,26.430882,50.068133,Coffee Shop,8.4,0.991279039658619
بن عفيف للقهوة والمكسرات,26.430661,50.078078,Coffee Shop,8.7,0.9834281038643592
émilien cafe,26.456673,50.062232,Coffee Shop,8.9,0.976043252648914
dunkin donuts (دانكن دونتس),26.429857,50.067426,Coffee Shop,7.9,0.9279536815503008
eleven three specilty coffee,26.453003,50.080758,Coffee Shop,9.2,0.9832727423380874
tim hortons (تيم هورتنز),26.414039,50.05423,Coffee Shop,9.0,0.99770064941118
barnie's (بارنيز),26.420721,50.073482,Coffee Shop,8.5,0.9910097463464148
starbucks (ستاربكس),26.461041,50.062709,Coffee Shop,8.9,0.9770893535924764
8oz coffee,26.453242,50.062816,Coffee Shop,8.2,0.974655356347554
starbucks (ستاربكس),26.462292,50.068479,Coffee Shop,8.9,0.9970067012604998
dunkin' donuts (دانكن دونتس),26.411861,50.072033,Coffee Shop,8.9,0.989342199297766
دوز,26.429543,50.040595,Coffee Shop,8.3,0.9970688458710084
starbucks (ستاربكس),26.412554,50.071022,Coffee Shop,8.7,0.9596785052149686
kav specialized coffee,26.46298,50.063263,Coffee Shop,8.5,0.9751732281017929
papparoti cafe (باباروتي كافيه),26.462396,50.06472,Coffee Shop,8.3,0.964691503796
starbucks (ستاربكس),26.431259,50.08409,Coffee Shop,7.9,0.9854270888357208
verocci cafe,26.454256,50.061719,Coffee Shop,7.7,0.9654061668168494
tim hortons,26.436701,50.033922,Coffee Shop,8.0,0.9998037384117038
مجلس و دلة,26.431419,50.039743,Coffee Shop,7.8,0.9861417518565704
tim hortons,26.427405,50.038187,Coffee Shop,7.7,0.9279226092450464
tim hortons,26.414539,50.076121,Coffee Shop,7.9,0.9817087696402864
مجلس كرك وچباتي,26.443943,50.070307,Coffee Shop,7.3,0.9481403225305284
ستاربكس,26.438295,50.08364,Coffee Shop,7.6,0.97508001118603
majlesi karak & chapati,26.443974,50.070418,Coffee Shop,7.2,0.962889310091249
مقهى الأصايل,26.415575,50.065251,Coffee Shop,7.5,0.964732933536339
مقهى فرجان الأول,26.462273,50.064516,Coffee Shop,7.5,0.92430786440046
mado,26.462122,50.06728,Coffee Shop,7.4,0.7171902350102021
café liwan (قهوة الليوان),26.462581,50.064908,Coffee Shop,7.3,0.9598338667412402
ستاربكس,26.433101,50.044451,Coffee Shop,6.6,0.941843001998985
أروما كافيه,26.445943,50.071318,Coffee Shop,6.5,0.921024557478586
مقهى دار المزاج,26.434344,50.05502,Coffee Shop,,0.9427958860267844
مقهى وتين,26.442311,50.068725,Coffee Shop,,0.941335487679831
daily coffee,26.443111,50.068751,Coffee Shop,,0.9009829205895452
وادي القهوة,26.426443,50.059359,Coffee Shop,,0.9731120985199224
seattle's best coffee & cinnabon,26.429839,50.07054,Coffee Shop,,0.9434484044371252
ديوانية المساء,26.434011,50.046165,Coffee Shop,,0.5392184279485028
damamm,26.4297,50.043278,Coffee Shop,,0.9180623310443402
ديوانيتنا الجديدة,26.431509,50.079571,Coffee Shop,,0.9003821893546282
محمصة و قهوة قلم المختصة,26.439188,50.041122,Coffee Shop,,0.6484997255279703
أرت سويت,26.42691,50.04423,Coffee Shop,,0.99561880495914
n48 cafe,26.432556,50.080952,Coffee Shop,,0.9017079410454796
قهوة وترويقة,26.427161,50.04235,Coffee Shop,,0.950988617178842
umq coffee (قهوة عُمق),26.45869,50.08524,Coffee Shop,9.5,0.999906783084237
starbucks (ستاربكس),26.422585,50.091569,Coffee Shop,8.3,0.9801344395074004
بوفية عزيز,26.423848,50.094082,Coffee Shop,8.1,0.9648468653222716
treepica café,26.458456,50.080743,Coffee Shop,8.1,0.9546447917637676
brew’s (بروز),26.421533,50.090762,Coffee Shop,7.8,0.9774518638204436
brighton cafe,26.417279,50.091732,Coffee Shop,7.8,0.9806212389563848
keen cafe,26.461207,50.077944,Coffee Shop,7.4,0.9811080384053692
مستوصف الفارابي (مجمع الفارابي الطبي),26.413929,50.078945,Coffee Shop,6.8,0.9950491460294772
rawaq hajer (رواق هجر),26.45821,50.080808,Coffee Shop,6.0,0.8785901459362604
kayan (كيان),26.435393,50.088411,Coffee Shop,,0.9834591761696132
المذاق المغربي,26.44928,50.088435,Coffee Shop,,0.8750479031372671
pianolla cafe,26.449388,50.088466,Coffee Shop,,0.7420170069084092
مقهى فرجان الاول,26.457264,50.071643,Coffee Shop,,0.9524283006556256
rochen café,26.420432,50.092025,Coffee Shop,,0.9105739054780474
dose (دوز),26.447072,50.097542,Coffee Shop,,0.9713927642958498
les galets family coffee shop,26.456756,50.089895,Coffee Shop,,0.1828812312918828
joffrey’s,26.425652,50.099228,Coffee Shop,,0.9449088027840784
ocaso caffee,26.423561,50.030331,Coffee Shop,8.6,0.9853960165304664
le 42 cafe,26.423576,50.030267,Coffee Shop,8.6,0.9627650208702316
dip n dip,26.423853,50.030312,Coffee Shop,8.5,0.9914965457953993
one o one cafe (101 cafè),26.421524,50.026367,Coffee Shop,8.8,0.9977731514567733
ستاربكس,26.428619,50.039654,Coffee Shop,7.5,0.6220571937565381
c house cafe,26.411431,50.047636,Coffee Shop,8.0,0.9638939812944722
نويمي كافيه,26.421585,50.02564,Coffee Shop,7.8,0.9975660027550778
la maison du cafe,26.436486,50.058066,Coffee Shop,,0.8890511553718837
وادي القهوة,26.426907,50.036257,Coffee Shop,,0.9725838693305988
5 o’clock cafe,26.426307,50.036594,Coffee Shop,,0.8939087924266435
zawia,26.432137,50.032256,Coffee Shop,,0.5461393765208078
fluffy clouds (فلفِي),26.423653,50.027433,Coffee Shop,,0.9933919564159132
barn’s,26.422582,50.027884,Coffee Shop,,0.980569451780961
بارنز,26.422463,50.027913,Coffee Shop,,0.976136469564677
bati cafe,26.422834,50.027505,Coffee Shop,,0.9393054304032148
sahar cafe,26.442426,50.068446,Coffee Shop,,0.5545060021336317
kiwan (كيوان),26.425922,50.0237,Coffee Shop,,0.7922801654532016
قهوه الدوانيه,26.418006,50.029727,Coffee Shop,,0.9129146858072068
dr.cafe coffee | v12 station | د.كيف كافيه (dr.cafe coffee | د. كيف),26.45616,50.09686,Coffee Shop,9.0,0.9887621829330184
core coffee & roastery (core coffee & roastery),26.458855,50.093134,Coffee Shop,9.0,0.9788397601218034
starbucks (ستاربكس),26.411946,50.093566,Coffee Shop,9.1,0.9796062103180768
starbucks (ستاربكس),26.45491,50.11388,Coffee Shop,9.2,0.99885032470559
starbucks (ستاربكس),26.412921,50.100693,Coffee Shop,8.9,0.9922319236864184
tim hortons (تيم هورتنز),26.411544,50.092832,Coffee Shop,9.0,0.986846057442335
location coffee (لوكيشن كافيه),26.456777,50.101138,Coffee Shop,8.6,0.947518876425442
caribou coffee (كاريبو كوفي),26.458773,50.093211,Coffee Shop,8.5,0.9385286227718568
zaffron lounge (ديوانية زعفران),26.421009,50.100572,Coffee Shop,8.0,0.9594609990781884
قيصرية الواحة,26.429371,50.117122,Coffee Shop,8.2,0.9948627121979512
المذاق المغربي,26.459282,50.095385,Coffee Shop,8.2,0.9877885840350497
ستاربكس,26.428519,50.107585,Coffee Shop,7.7,0.9473220851588312
3.c café,26.458341,50.092317,Coffee Shop,8.0,0.9940134025209996
كوخ الكرك,26.46131,50.092482,Coffee Shop,8.1,0.9412319133289831
cafficha (كافيشا),26.461947,50.092263,Coffee Shop,8.1,0.9906161638131932
morth coffee (مورث),26.459396,50.088284,Coffee Shop,8.0,0.96330360749464
avenue cafe,26.421009,50.101281,Coffee Shop,7.7,0.9604035256709028
قهوة الطريق,26.439674,50.118311,Coffee Shop,7.8,0.9658515365254948
tim hortons,26.456027,50.105241,Coffee Shop,7.8,0.9518793565961324
lulia (لوليا),26.4139,50.096175,Coffee Shop,6.5,0.9513821997120632
وناسه كافيه,26.420415,50.107059,Coffee Shop,6.4,0.9467524262291686
reds caffe,26.438697,50.105965,Coffee Shop,,0.8999575345161525
karak cup,26.436514,50.10737,Coffee Shop,,0.9248775233301224
coffee eltgaa,26.44643,50.103275,Coffee Shop,,0.9780629524904452
انتقاء القهوة,26.446984,50.103129,Coffee Shop,,0.965012584283628
مقهى زمن الطيبين,26.4462,50.10446,Coffee Shop,,0.9534536867290184
starbucks (ستاربكس),26.411037,50.109414,Coffee Shop,9.2,0.9986846057442336
شغف,26.406726,50.103451,Coffee Shop,8.2,0.9665765569814292
صبا كافيه,26.421007,50.097969,Coffee Shop,,0.9407554713150836
habits (هابيتس),26.452591,50.124033,Coffee Shop,9.0,0.9546344343286828
troy (تروي),26.452454,50.124545,Coffee Shop,9.0,0.9916208350164164
marsa café,26.460289,50.112737,Coffee Shop,8.5,0.9743032035546716
tim hortons (تيم هورتنز),26.459142,50.121581,Coffee Shop,8.8,0.991134035567432
ratio speciality coffee (ريشيو للقهوة المختصة),26.452074,50.130308,Coffee Shop,9.2,0.9975142155796538
017 cafe,26.451996,50.130228,Coffee Shop,9.1,0.9976695771059256
cereza cafe & roastery (مقهى ومحمصة سيريزا),26.464125,50.122635,Coffee Shop,9.0,0.9341267128608272
coffee address (عنوان القهوة),26.463766,50.121752,Coffee Shop,8.9,0.9958259536608356
dose (دوز),26.457896,50.120312,Coffee Shop,8.4,0.9737542594951786
park coffee,26.451734,50.127202,Coffee Shop,8.4,0.972811732902464
butlers chocolate cafe,26.461372,50.121171,Coffee Shop,8.3,0.9433966172617012
scarface,26.454049,50.120242,Coffee Shop,7.9,0.9734228215724658
view cafe,26.451949,50.126317,Coffee Shop,8.0,0.9710509689380522
icons coffee couture,26.451596,50.127771,Coffee Shop,8.0,0.9775761530414608
ستاربكس,26.464957,50.091795,Coffee Shop,7.8,0.9753700193684036
ستاربكس,26.440571,50.127659,Coffee Shop,7.4,0.9717656319589016
spar cafe,26.460941,50.121048,Coffee Shop,6.5,0.9186319899740027
بكلو,26.408554,50.059054,Coffee Shop,8.6,0.9811805404509628
coffee valley,26.409276,50.058686,Coffee Shop,7.7,0.9973381391832128
noimi91 coffee,26.421905,50.025553,Coffee Shop,,0.0380327575147612
ace (ايس),26.467515,50.059517,Coffee Shop,8.7,0.9618949963231106
tim hortons (تيم هورتنز),26.468223,50.060633,Coffee Shop,8.7,0.922132803032657
18/11 (١٨/١١),26.467816,50.059567,Coffee Shop,7.1,0.4548467617479207
derby coffee (دربي كافية),26.464688,50.084722,Coffee Shop,6.4,0.6109643807807434
شاي عزوز,26.462051,50.061742,Coffee Shop,,0.9791919129146858
زيرو زون كافيه,26.463256,50.062361,Coffee Shop,,0.7316077846482097
coffee valley (وادي القهوه),26.462855,50.061874,Coffee Shop,,0.8904286942381588
كوفي شوب الجوكر,26.463795,50.063225,Coffee Shop,,0.8934634227179982
night cafe,26.468101,50.121206,Coffee Shop,8.7,0.9341992149064204
drinks aroma (نكهة المشروب),26.467662,50.123004,Coffee Shop,8.6,0.9604553128463268
w cafe,26.481548,50.126741,Coffee Shop,8.7,0.9456856104154368
starbucks (ستاربكس),26.479495,50.13308,Coffee Shop,9.4,0.9983013806460967
crafter (كرافتر),26.468162,50.123622,Coffee Shop,8.4,0.9868978446177588
قهوة أبو حيان,26.463514,50.132736,Coffee Shop,9.1,0.9935473179421848
1/2 m (هاف مليون),26.490092,50.133491,Coffee Shop,9.2,0.9998549959088132
estikanah zaman (استكانة زمان),26.493727,50.124478,Coffee Shop,8.8,0.998104340060866
al fishawi cafe (مقهى الفيشاوي),26.476194,50.11821,Coffee Shop,7.5,0.9877367968596256
7 grams | ٧ جرام (٧ جرام للقهوة المختصة),26.451182,50.131134,Coffee Shop,9.2,0.9967063356430412
24 cafe,26.451228,50.130944,Coffee Shop,8.3,0.9795854954479072
ستاربكس,26.457594,50.132462,Coffee Shop,7.7,0.9260789857999564
kefaf (كفاف),26.495487,50.132631,Coffee Shop,7.8,0.9594817139483578
زين,26.456455,50.129331,Coffee Shop,6.3,0.9752043004070472
perfect coffee,26.47489,50.125242,Coffee Shop,,0.4629048462438762
حلويات سعد الدين,26.471884,50.12435,Coffee Shop,,0.9410454794974572
القهوه المثاليه,26.474997,50.125272,Coffee Shop,,0.952086505297828
la mode coffe,26.467689,50.113884,Coffee Shop,,0.1224455975722172
la’abeille caffee,26.467998,50.121348,Coffee Shop,,0.9585806170959824
pronto,26.478703,50.124947,Coffee Shop,,0.9924494298231986
thermocup (ثيرموكب),26.370711,50.054375,Coffee Shop,8.9,0.9718795637448342
piccolo (پكلو),26.390649,50.036907,Coffee Shop,9.4,0.9984463847372836
adam (ادم),26.370354,50.05709,Coffee Shop,9.0,0.983200240292494
zelebrity cafe,26.378192,50.058436,Coffee Shop,9.3,0.9972863520077888
dazzling cafe (دازلنق كافيه),26.391126,50.038872,Coffee Shop,9.2,0.995846668531005
moroccan taste (المذاق المغربي),26.360928,50.044353,Coffee Shop,8.2,0.997835296067282
the coffee lab (مختبر القهوة),26.384123,50.054619,Coffee Shop,8.9,0.9980320873338926
3 gram (٣ جرام),26.350862,50.040623,Coffee Shop,8.8,0.9942101937876104
starbucks (ستاربكس),26.391992,50.037006,Coffee Shop,8.9,0.9992853369791505
بيت الكرك,26.392409,50.031289,Coffee Shop,9.0,0.9999454885474416
tim hortons (تيم هورتنز),26.390998,50.039098,Coffee Shop,8.7,0.9971206330464324
boho specialty coffee (مقهى بوهو للقهوة المختصة),26.390437,50.038466,Coffee Shop,8.7,0.9954841583030378
starbucks (ستاربكس),26.391323,50.047295,Coffee Shop,9.0,0.9954945157381226
umq coffee (قهوة عُمق),26.347979,50.049508,Coffee Shop,9.5,0.9998860682140674
starbucks (ستاربكس),26.356493,50.015745,Coffee Shop,9.0,0.9998637468174614
ستاربكس,26.377213,50.041764,Coffee Shop,7.8,0.9764782649224746
arabia cafe (ارابيا كافيه),26.396395,50.042434,Coffee Shop,9.3,0.982744513148764
chemistry coffee (كيمستري كوفي),26.345615,50.046554,Coffee Shop,9.1,0.9986224611337248
ستاربكس,26.345684,50.046775,Coffee Shop,8.9,0.987902515820982
kafeena (كافينا),26.378439,50.04884,Coffee Shop,8.0,0.9919108431987904
قهوة الطريق,26.376112,50.046317,Coffee Shop,7.7,0.9913308268340428
patchi café,26.391421,50.038953,Coffee Shop,8.2,0.9804140902546892
dunkin’ donuts drive-through,26.350529,50.018764,Coffee Shop,8.5,0.9999057119833198
ستاربكس,26.38441,50.031037,Coffee Shop,7.9,0.9875162411426842
tutti cafe (أنواع القهوة),26.390575,50.039118,Coffee Shop,8.2,0.9940548322613388
crépe & dip,26.390482,50.03855,Coffee Shop,8.1,0.989570062869631
كرك و چباتي kark wa shapaty,26.372248,50.063735,Coffee Shop,8.4,0.9878300137753888
art café,26.391894,50.036045,Coffee Shop,8.1,0.9953184393416814
l’eto (لِتو),26.390649,50.036907,Coffee Shop,8.1,0.9983635252566054
molten chocolate cafe,26.392602,50.03645,Coffee Shop,8.2,0.97577395933671
وادي القهوة,26.396111,50.03789,Coffee Shop,8.3,0.9924183575179444
barn’s (بارنز),26.382694,50.055268,Coffee Shop,7.9,0.9943448404437124
dozeto coffee (جرعة القهوة),26.386485,50.060802,Coffee Shop,8.2,0.9826616536680856
kyan (كيان),26.392297,50.031051,Coffee Shop,7.9,0.9995924619975394
ديوانية وقت القهوة,26.374046,50.043193,Coffee Shop,7.2,0.979647640058416
مقهى ديوانية كيف النشاما,26.356911,50.060981,Coffee Shop,7.9,0.9737024723197548
مقهى بوهيثم,26.364224,50.028799,Coffee Shop,7.3,0.996840422557918
starbucks (ستاربكس),26.396443,50.043428,Coffee Shop,7.9,0.9991921200633876
sever,26.369747,50.057648,Coffee Shop,7.6,0.8763115102176097
blue star cafe,26.392161,50.037537,Coffee Shop,7.4,0.98891754445929
mêler bakery & coffee,26.378166,50.058582,Coffee Shop,7.3,0.944794870998146
bogotá café,26.349178,50.01883,Coffee Shop,7.3,0.9893629141679354
cafanna,26.438299,50.056284,Coffee Shop,6.7,0.8708220696226786
قهوة الديوانيه,26.436835,50.054243,Coffee Shop,6.6,0.9022465276698878
sweet evolution,26.431205,50.041103,Coffee Shop,,0.4283006556256408
damnam,26.429645,50.040476,Coffee Shop,,0.3341204983997762
wacafe,26.429634,50.0406,Coffee Shop,,0.8974717500958063
noimi coffee,26.424784,50.024794,Coffee Shop,,0.9535246094904642
مقهى أبو هيثم,26.437816,50.013521,Coffee Shop,5.8,0.9832888296439488
البشيري,26.421223,50.030949,Coffee Shop,,0.7229282540471678
لقيمات ذوق,26.421971,50.026664,Coffee Shop,,0.263607080342624
ستاربكس,26.423894,50.017174,Coffee Shop,,0.9921267597407728
cup and dessert,26.418901,50.018957,Coffee Shop,,0.9996501800061306
الديوانية المخملية,26.438959,50.054984,Coffee Shop,,0.5989393986473189
بيت سعود بن نايف للقهوه العربيه,26.416855,50.020909,Coffee Shop,,0.8203917181949062
مقهى وديوانية الركن المديني,26.42157,50.01498,Coffee Shop,,0.997549911253472
7up coffee,26.472272,50.086213,Coffee Shop,8.2,0.97831153093248
back team coffee,26.454762,50.105609,Coffee Shop,,0.9653647370765104
ben’s cookies,26.458233,50.092459,Coffee Shop,,0.96445328278905
paradise café (بارادايز كافيه),26.472918,50.086161,Coffee Shop,6.2,0.9577934520295394
حكايات,26.459292,50.09079,Coffee Shop,,0.2037514629877057
griffiths | café,26.454715,50.096413,Coffee Shop,,0.9302633895742058
all day (اول دي),26.404895,50.102219,Coffee Shop,9.4,0.991745124237434
onda (اوندا),26.40564,50.101155,Coffee Shop,8.8,0.97646790748739
starbucks (ستاربكس),26.399071,50.104867,Coffee Shop,9.0,0.988544676796238
bitten (بيتن),26.400442,50.096558,Coffee Shop,8.7,0.9888036126733576
umq coffee (قهوة عُمق),26.397581,50.092256,Coffee Shop,9.6,0.9996374897720328
pages coffee,26.400216,50.0973,Coffee Shop,8.5,0.9913929714445516
otten (اوتن),26.391985,50.104063,Coffee Shop,9.5,0.9999896425649152
coffee warehouse (مستودع القهوة),26.39495,50.104782,Coffee Shop,8.9,0.989425058778444
karak albait (كرك البيت),26.392967,50.09158,Coffee Shop,9.0,0.956975214657842
chart (تشارت),26.384994,50.100857,Coffee Shop,9.4,0.997876725807621
coach cup (كوتش كب),26.395831,50.089747,Coffee Shop,8.2,0.95684056800174
dunkin' donuts (دانكن دونتس),26.403195,50.077633,Coffee Shop,8.0,0.9707609607556784
time out cafe,26.403023,50.105907,Coffee Shop,6.9,0.9479124589586636
30days cafe,26.414911,50.108156,Coffee Shop,,0.942713026546106
barn’s (بارنز),26.412571,50.110463,Coffee Shop,,0.9758671762524728
joffrey's (جوفريز),26.406669,50.107963,Coffee Shop,,0.9190255725072244
road café (قهوة الطريق),26.416832,50.109514,Coffee Shop,,0.9434173321318708
cherry coffee,26.378167,50.148073,Coffee Shop,8.0,0.9023708168909051
tim hortons,26.370732,50.174518,Coffee Shop,8.0,0.912583247884494
starbucks (ستاربكس),26.3612,50.160909,Coffee Shop,7.6,0.9250950294669028
paul,26.37856,50.170423,Coffee Shop,7.5,0.8875803995898456
كوستا كوفي,26.371093,50.17491,Coffee Shop,6.8,0.8725828335870905
mix & match,26.3782,50.148084,Coffee Shop,,0.9506778941262986
coffee mania,26.379695,50.148952,Coffee Shop,,0.8752757667091321
bikers house coffee,26.373415,50.139492,Coffee Shop,,0.4158717335239101
costa coffee (كوستا كوفي),26.384796,50.167527,Coffee Shop,5.9,0.9260064837543632
زحله,26.382165,50.163196,Coffee Shop,,0.3525878051559312
scratch cafe,26.384671,50.167316,Coffee Shop,,0.1258842660203627
olabs (اولابز),26.384396,50.167753,Coffee Shop,,0.96538545194668
مقهى سيراميك,26.366643,50.131107,Coffee Shop,,0.8790976602554144
joffrey's at dob 3rd floor,26.384335,50.168003,Coffee Shop,,0.6082921625288713
cafe jamoka,26.384658,50.167859,Coffee Shop,,0.9541994220551224
the cafe,26.376607,50.170921,Coffee Shop,,0.8682223534164
mission pop up,26.376607,50.170921,Coffee Shop,,0.952966887280034
varnda,26.374677,50.125266,Coffee Shop,,0.6512548032605205
mai ward cafe,26.374677,50.125266,Coffee Shop,,0.4486633730023097
tag,26.384157,50.125883,Coffee Shop,,0.4162342437518773
scratch cafe,26.357353,50.140232,Coffee Shop,,0.8763322250877793
the cafe (المقهى),26.377345,50.172381,Coffee Shop,,0.9156076189292484
720 cafè,26.372068,50.124125,Coffee Shop,,0.8814177257144041
classique café,26.372369,50.176052,Coffee Shop,,0.9034583475748066
spark coffee,26.352667,50.141761,Coffee Shop,,0.9077670405700732
ستاربكس,26.359594,50.170134,Coffee Shop,,0.9524904452661342
marilyn house cafe (مقهى بيت مارلين),26.419603,49.997131,Coffee Shop,8.9,0.9956947404464672
coplant (كوبلانت),26.421752,50.003258,Coffee Shop,8.8,0.999738742029895
barn’s (بارنز),26.406767,50.014042,Coffee Shop,8.9,0.995473800867953
graph cafe,26.412126,50.013902,Coffee Shop,8.7,0.998570673958301
camel coffee shop,26.400879,50.017201,Coffee Shop,8.4,0.9956084475240552
graph,26.412417,49.997186,Coffee Shop,,0.9992378576184782
marituyn coffee,26.419573,49.997257,Coffee Shop,,0.1284770551192985
هبره,26.420314,49.996698,Coffee Shop,,0.8154390583210193
la vanir (لا فانير),26.410827,50.011687,Coffee Shop,,0.929010139928948
dh,26.403464,49.996209,Coffee Shop,,0.688852292618256
ديوانية ليالي تراثيه,26.406551,50.013744,Coffee Shop,,0.988140736827932
al fanad coffer (الفنار للقهوة),26.406921,50.014357,Coffee Shop,,0.9078188277454972
مجلس ابو نايف,26.408231,50.015373,Coffee Shop,,0.9275393841469098
ahg cafe,26.402222,50.010447,Coffee Shop,,0.9680990999388912
coffee valley (وادي القهوة),26.407077,50.015382,Coffee Shop,,0.986058892375892
rzon (رزون),26.412388,50.017471,Coffee Shop,,0.9110192751866928
مقهى التراس الشرقي,26.40384,50.01629,Coffee Shop,,0.9789329770375664
ليالي الخليج,26.402139,50.016275,Coffee Shop,,0.9137225657438192
sequares coffee house,26.396319,50.013432,Coffee Shop,,0.9331892673515718
مقهى رواقة,26.420751,50.02361,Coffee Shop,,0.7608517172698109
pianolla café (بيانولا كافيه),26.397094,50.017137,Coffee Shop,,0.9998665207429184
اسناف,26.397313,50.018856,Coffee Shop,,0.5797283054534739
ستاربكس,26.394829,50.019426,Coffee Shop,,0.8202341065841411
brother’s coffee,26.421796,49.973727,Coffee Shop,,0.9838570262831982
كوستا كوفي,26.422729,50.028128,Coffee Shop,,0.9561362624159752
dose cafe,26.402912,50.028095,Coffee Shop,,0.9924908595635376
bling,26.362172,50.206266,Coffee Shop,9.4,0.983806073975659
title (تايتل),26.360902,50.206339,Coffee Shop,9.3,0.9944975746712958
starbucks (ستاربكس),26.360292,50.20691,Coffee Shop,9.3,0.9961896644648608
the hub (ذا هب),26.360464,50.206327,Coffee Shop,9.2,0.995324818570372
ratio speciality coffee (ريشيو للقهوة المختصة),26.362719,50.198088,Coffee Shop,9.0,0.9952872165749596
blue sky (بلو سكاي),26.362892,50.2063,Coffee Shop,8.7,0.9947733226376546
8oz coffee,26.382682,50.178364,Coffee Shop,9.0,0.9917140519321797
hûge (هيوج),26.360886,50.206747,Coffee Shop,8.8,0.991852900993946
ستاربكس,26.372478,50.178446,Coffee Shop,9.2,0.9980838745093163
repeat (ريبيت),26.361046,50.206477,Coffee Shop,8.7,0.9893461012997756
tim hortons (تيم هورتنز),26.379411,50.181882,Coffee Shop,8.5,0.9378657469264312
ripoz specialty coffee (قهوة ومحمصة ريبوز),26.362829,50.198276,Coffee Shop,8.1,0.1891505709236303
lounge exit-7 (مقهى مخرج ٧),26.360069,50.206666,Coffee Shop,8.2,0.9942092927064664
4squares cafe (مقهى الأربعة مربعات),26.379854,50.178398,Coffee Shop,8.1,0.9772654299889176
destination 35 (دستينيشن 35),26.360166,50.206765,Coffee Shop,8.0,0.9171878721030796
vedette (فيدت),26.361034,50.206318,Coffee Shop,7.9,0.4601105498665129
olabs,26.36298,50.198744,Coffee Shop,7.7,0.8973340185252497
seven degrees coffee,26.361687,50.195161,Coffee Shop,7.6,0.9618590426531968
joffrey's on mbo,26.373923,50.178657,Coffee Shop,7.7,0.9990678308423702
art coffee,26.366803,50.195176,Coffee Shop,7.4,0.9439869910615336
the piato,26.366828,50.185837,Coffee Shop,7.2,0.5259194812996509
three seeds,26.382547,50.212795,Coffee Shop,,0.9934053612344428
8oz coffee,26.381662,50.212494,Coffee Shop,,0.9832650858599912
august,26.380593,50.212048,Coffee Shop,,0.1746117617747727
jucie bar dahran expo,26.381169,50.212867,Coffee Shop,,0.8247241502912812
wacafe,26.380455,50.212616,Coffee Shop,,0.9937538069900124
nouveau waffle,26.380256,50.212727,Coffee Shop,,0.3806466529217387
rajokark,26.380917,50.213558,Coffee Shop,,0.8008707835537777
suavis,26.380702,50.214913,Coffee Shop,,0.5100598442606273
oaisis cafee,26.366584,50.20711,Coffee Shop,,0.9828268819843594
choco art,26.365133,50.20276,Coffee Shop,,0.3120840279257486
valen specialty coffee & bakery,26.466374,50.03705,Coffee Shop,9.2,0.9985374796138746
boho specialty coffee (بوهو قهوة مختصة),26.467374,50.04036,Coffee Shop,9.1,0.99865680930624
starbucks (ستاربكس),26.466708,50.008118,Coffee Shop,8.6,0.9998334626771512
blue sky,26.465265,50.0248,Coffee Shop,7.5,0.9957414390998026
jibal speciality coffee,26.4689,50.045131,Coffee Shop,7.9,0.9469877650800704
karak time (وقت الكرك),26.458437,50.027556,Coffee Shop,,0.9339556342434226
rainbow - boofia,26.458316,50.016388,Coffee Shop,,0.8188388475281334
halit coffee,26.458285,50.01604,Coffee Shop,,0.181735914916326
مقهى أوقات المزاج,26.461196,50.030121,Coffee Shop,,0.998444235000348
derby coffee (دربي كافيه),26.463358,50.025068,Coffee Shop,,0.996317703026849
أثيل للقهوة,26.465265,50.0248,Coffee Shop,,0.7323337785610936
coffee puzzle,26.463471,50.030075,Coffee Shop,,0.940551341860991
بلو سكاي,26.465482,50.025013,Coffee Shop,,0.175222330761599
hexa coffee,26.464064,50.03014,Coffee Shop,,0.7968229900905967
barn’s,26.467107,50.018323,Coffee Shop,,0.9718779691659098
manto rose (مانتو روز),26.467348,50.018435,Coffee Shop,,0.999265418731046
joffrey's,26.467425,50.015634,Coffee Shop,,0.1321139004331268
دربي كافيه,26.466905,50.01921,Coffee Shop,5.4,0.7439271836932884
بارنز,26.443905,50.004707,Coffee Shop,,0.9999185382074512
brunch,26.468617,50.036891,Coffee Shop,,0.3117829100488503
costiera coffee,26.467667,50.04129,Coffee Shop,,0.9935686920012587
victoria maple,26.467916,50.042151,Coffee Shop,,0.9782236417594882
candyclub,26.467992,50.043277,Coffee Shop,,0.9743468137203444
inno store & coffee,26.468316,50.043393,Coffee Shop,,0.9981187950118712
cup of karak,26.462324,50.049516,Coffee Shop,,0.4183543776297417
black (بلاك),26.403736,50.053885,Coffee Shop,8.8,0.9875089332877606
verde (ڤيردي),26.398074,50.047147,Coffee Shop,8.8,0.9866803384809786
otto cafe (اُتّو كافيه),26.405553,50.058367,Coffee Shop,9.0,0.9911236781323473
beyalah al-arab (بيالة العرب),26.400524,50.047263,Coffee Shop,8.5,0.9886586085821708
eltegaa coffee,26.405181,50.060962,Coffee Shop,9.1,0.997275994572704
مقهى الفيشاوي,26.404134,50.054717,Coffee Shop,8.5,0.9935369605071
graph cafe (جراف كافيه),26.407486,50.066796,Coffee Shop,9.2,0.9995339154211852
bogotá café (بوقوتا كافيه),26.398316,50.046552,Coffee Shop,8.2,0.9890418336803074
dōrā specialty coffee (دورا),26.39837,50.046504,Coffee Shop,8.1,0.9715274109519518
deera lounge (ديوانية الديره),26.399248,50.047778,Coffee Shop,8.1,0.9969756289552456
coplant coffee & dessert (كوبلانت),26.398199,50.047318,Coffee Shop,7.9,0.9840599074045304
المجدوعي للسيارات,26.40056,50.050688,Coffee Shop,7.8,0.9934955307667608
luxurious (لكشرز),26.39806,50.046742,Coffee Shop,7.8,0.9710716838082216
90 coffee,26.406862,50.05962,Coffee Shop,7.4,0.9252503909931744
al shathlya (ديوانية الشاذلية),26.406663,50.059732,Coffee Shop,7.4,0.9074252452122756
alfanar cafe (كافيه الفنار),26.398103,50.042752,Coffee Shop,7.1,0.9702948761768636
ديوانية نايف للقهوة العربية,26.396375,50.039419,Coffee Shop,6.6,0.971019896632798
kahve dünyasi,26.391037,50.038877,Coffee Shop,6.0,0.9198645247490912
segafredo,26.454967,50.105817,Coffee Shop,,0.0358885125687474
ghmr coffee roasters (محمصة ومقهى غمر),26.401439,50.075771,Coffee Shop,9.3,0.9739614081968742
kiva han coffee (كيفاهان كافيه),26.399511,50.075287,Coffee Shop,9.1,0.9994717708106764
wacafe (وكف),26.395581,50.077931,Coffee Shop,9.5,0.9999378553894912
piccolo (پكلو),26.400312,50.073604,Coffee Shop,9.3,0.998477457042538
starbucks (ستاربكس),26.400747,50.073338,Coffee Shop,9.2,0.9902743684553956
starbucks (ستاربكس),26.395243,50.078138,Coffee Shop,9.1,0.9934541010264218
happiness cups (أكواب السعادة),26.408046,50.071857,Coffee Shop,9.1,0.9955566603486312
شاي بن بخار,26.408031,50.07192,Coffee Shop,8.9,0.9699945105594052
gravity cafe (قراڤيتي كافيه),26.393605,50.072297,Coffee Shop,9.0,0.9810873235351998
frieze cafe (فريز كافيه),26.404999,50.070413,Coffee Shop,8.8,0.988047519912169
dose (دوز),26.399474,50.066841,Coffee Shop,8.7,0.9884307450103056
starbucks (ستاربكس),26.387181,50.075059,Coffee Shop,9.1,0.9935162456369304
lute,26.391378,50.073892,Coffee Shop,8.4,0.9750696537509452
the garden (ذا قاردن),26.38441,50.096408,Coffee Shop,9.2,0.9931951651493024
tim hortons,26.379768,50.086661,Coffee Shop,9.0,0.9961573915835482
caffé bene (كافيه بيني),26.387319,50.074964,Coffee Shop,8.2,0.98568602471284
lambda (لامدا),26.381123,50.098818,Coffee Shop,9.4,0.992656578524894
road café,26.377219,50.089819,Coffee Shop,8.8,0.9914861883603144
frieze cafe (فريز كافيه),26.361303,50.045037,Coffee Shop,8.2,0.889869392743581
360 coffee,26.363435,50.073519,Coffee Shop,8.5,0.2149789226196024
checkmate (تشك ميت),26.36128,50.069598,Coffee Shop,8.0,0.918859853545868
ديوانية شبرا,26.340871,50.035391,Coffee Shop,7.9,0.9864110451687744
manto rose (مانتو روز),26.355189,50.070963,Coffee Shop,8.0,0.9661519021429532
القهوة الشعبية,26.367614,50.050518,Coffee Shop,7.4,0.9049083884866752
kyan (كيان),26.360959,50.073285,Coffee Shop,7.8,0.9865456918248764
كيف النشاما,26.363351,50.040042,Coffee Shop,6.2,0.956892355177164
ديوانية الأجاويد,26.357805,50.062283,Coffee Shop,6.3,0.9554941014407192
كيان,26.360741,50.042125,Coffee Shop,,0.9984049549969446
كوفي طرقي,26.362434,50.0436,Coffee Shop,,0.8641622388631679
بلياردو كوفي شوب,26.365961,50.037339,Coffee Shop,,0.9658826088307492
blue sky,26.34927,50.05166,Coffee Shop,,0.9644014956136262
كوف,26.347242,50.049153,Coffee Shop,,0.8347781955276595
manto rose (مانتو روز),26.346444,50.047498,Coffee Shop,,0.3119038001429326
turkistachio (تركستاشيو),26.382325,50.103675,Coffee Shop,8.8,0.973412464137381
kyan (كيان),26.383775,50.097323,Coffee Shop,8.4,0.9895907777398004
park coffee,26.382487,50.097539,Coffee Shop,8.5,0.9824337900962206
8oz speciality coffee,26.372696,50.099472,Coffee Shop,9.1,0.9978663683725362
starbucks (ستاربكس),26.371507,50.095822,Coffee Shop,9.1,0.9977627940216884
woods café & roastery (مقهى ومحمصة وودز),26.368026,50.092919,Coffee Shop,9.4,0.9988399672705052
ratio speciality coffee (ريشيو للقهوة المختصة),26.37146,50.089934,Coffee Shop,8.7,0.9922215662513336
دلة الفيصلية للقهوة العربية,26.403124,50.0715,Coffee Shop,7.6,0.9537540523464768
joffreys (جوفريز),26.430124,50.116391,Coffee Shop,,0.9670633564304136
ستاربكس,26.442515,50.111823,Coffee Shop,,0.965571885778206
raslan café (رسلان للقهوة),26.40654,50.073083,Coffee Shop,6.9,0.9140954334068712
saadeddin coffee,26.43696,50.130681,Coffee Shop,,0.925032884856394
مقهى وناسة,26.421831,50.108579,Coffee Shop,,0.9252918207335136
kuba,26.413668,50.1157,Coffee Shop,,0.960672818983107
دربي,26.413832,50.11473,Coffee Shop,,0.9471252938922206
café le chef,26.450914,50.118721,Coffee Shop,,0.8717231664750541
sofa sugar (صفة قند),26.375387,50.113311,Coffee Shop,8.6,0.9827963003241876
one cup speciality coffee,26.377264,50.10152,Coffee Shop,8.9,0.9163844265606064
llama (لاما),26.366323,50.094173,Coffee Shop,9.5,0.9999689276947455
22 cafe,26.377774,50.103692,Coffee Shop,8.1,0.9551108763425824
labiba,26.367464,50.09336,Coffee Shop,8.7,0.9811494681457084
mina (مينا),26.373081,50.100454,Coffee Shop,8.1,0.9527908108835929
bright (برايت),26.372574,50.098952,Coffee Shop,8.1,0.9292276460657284
chimney roasting & beans (محمصه مدخنه للقهوة المختصة),26.377618,50.101249,Coffee Shop,7.9,0.8991600120146247
مجلس المساء كافيه,26.365602,50.094777,Coffee Shop,8.3,0.9837906140923262
operations (اوبيريشنز),26.383302,50.097029,Coffee Shop,7.9,0.8978653326290278
third (ثيرد),26.387555,50.104488,Coffee Shop,7.1,0.003780463805943
coffee valley (وادي القهوة),26.373408,50.091061,Coffee Shop,6.7,0.972034925271106
al jood cafe (قهوة الجود),26.379,50.099583,Coffee Shop,6.0,0.9206931195558732
استراحة الجامعيين للمناسبات,26.377383,50.111484,Coffee Shop,,0.9660897575324446
joffreys,26.37892,50.110606,Coffee Shop,,0.8471656878890511
derby coffee (دربي كوفي),26.385984,50.118029,Coffee Shop,,0.4952925457539694
مجلس نجد,26.378297,50.103673,Coffee Shop,,0.5483329708231054
derbi coffee (دربي كافيه),26.38308,50.1046,Coffee Shop,,0.0011911050347491
مهيّلة الجود,26.380293,50.101135,Coffee Shop,,0.728500554122777
sova,26.467984,50.046665,Coffee Shop,9.0,0.9998279402750944
soren coffee,26.471294,50.04801,Coffee Shop,8.6,0.9894457736486136
1 oak - one of a kind (ون اوف كايند),26.480316,50.043749,Coffee Shop,9.0,0.9837595417870718
innovation coffee,26.482686,50.044426,Coffee Shop,9.2,0.995888098271344
beta bakery & coffee,26.476692,50.042964,Coffee Shop,8.3,0.996295384378906
crepe roll (كريب رول),26.468519,50.047048,Coffee Shop,8.0,0.9915915957184334
lagomera coffee,26.479411,50.046063,Coffee Shop,8.3,0.908233125148888
divided coffee lounge,26.482554,50.05163,Coffee Shop,8.6,0.9531222488063056
delle rose (café & restaurant),26.472966,50.04842,Coffee Shop,8.0,0.9616257030109064
starbucks (ستاربكس),26.47625,50.055786,Coffee Shop,7.6,0.9568509254368248
lady latte cafe (مقهى ليدي لاتيه),26.482539,50.051931,Coffee Shop,7.4,0.8771608198945613
newflavor,26.476411,50.04656,Coffee Shop,7.0,0.1110109892386249
fontaine bleue coffe,26.477072,50.046208,Coffee Shop,6.9,0.9384457632911786
coffee time,26.473529,50.041101,Coffee Shop,,0.0151526568797995
kyan (كيان),26.465557,50.047956,Coffee Shop,,0.9868935076020192
il forno,26.465526,50.048718,Coffee Shop,,0.7426238204613649
la rosetta (لا روزيتا),26.470267,50.047373,Coffee Shop,,0.9437694849247532
razgi cafe (رازقي كافيه),26.470027,50.047716,Coffee Shop,,0.9276533159328424
nightowl.sa,26.468306,50.050304,Coffee Shop,,0.1471170079441527
fb cafe,26.476842,50.046446,Coffee Shop,,0.580886389294555
7roofcafe,26.477641,50.045998,Coffee Shop,,0.0262457405048213
dèjavu coffee,26.484493,50.052658,Coffee Shop,8.4,0.9890729059855616
ستاربكس,26.490974,50.046496,Coffee Shop,8.4,0.9770026830203145
verocci cafe saihat5 ༄ ڤيروتشي كافيه,26.491997,50.046644,Coffee Shop,8.3,0.984285166730548
once upon a time,26.492097,50.037669,Coffee Shop,7.6,0.8884630126485243
imint cafe,26.488428,50.047114,Coffee Shop,7.1,0.0360291299348409
مقهى شقاوة زمان,26.445632,50.118176,Coffee Shop,7.7,0.8863478648147572
coffee moments,26.434707,50.117195,Coffee Shop,,0.0118178334317289
7 grams,26.451074,50.131148,Coffee Shop,,0.8701074066018292
the chimney cake cafe,26.451244,50.130881,Coffee Shop,,0.8692891692301319
joffrey's,26.452685,50.122573,Coffee Shop,,0.76459621539322
107 specialty coffee,26.451961,50.130416,Coffee Shop,,0.519684305378616
native,26.452915,50.121389,Coffee Shop,,0.907404530342106
sky by archi (سكاي باي ارتشي),26.370253,50.177169,Coffee Shop,8.9,0.9982392360355882
brain coffee,26.379903,50.182225,Coffee Shop,,0.656630312069519
كوستا كوفي,26.379323,50.182179,Coffee Shop,,0.7557406083957369
ستاربكس,26.376188,50.183976,Coffee Shop,,0.0176801416897119
sky9,26.372591,50.186273,Coffee Shop,,0.9183109094863748
stabucks,26.396269,50.116916,Coffee Shop,,0.916270494774674
qadooacafe (قدوع كافية),26.400097,50.116794,Coffee Shop,,0.8983521320780122
segafredo,26.400005,50.116936,Coffee Shop,,0.4341318915783695
كيك وكرك,26.401111,50.116172,Coffee Shop,,0.9483681861023936
brewhèmian coffee (بروهيميان كوفي),26.345095,50.146177,Coffee Shop,9.2,0.9921904939460792
graph cafe,26.348718,50.142632,Coffee Shop,8.4,0.9983531678215208
studenttainment coffee,26.342945,50.148161,Coffee Shop,8.8,0.9453023853173
buzz coffee,26.345095,50.146413,Coffee Shop,8.4,0.9909890314762452
yakah café (ياكا),26.343459,50.148298,Coffee Shop,8.5,0.9067727268019348
ستاربكس,26.344072,50.138527,Coffee Shop,8.3,0.9282436897326746
third coffee (قهوة ثيرد),26.343683,50.14773,Coffee Shop,8.1,0.870024547121151
majlis cafe (مجلس كافيه),26.345095,50.146413,Coffee Shop,7.8,0.9519932883820652
sunday night (صنداي نايت),26.345325,50.146175,Coffee Shop,7.7,0.9661726170131228
ستاربكس,26.346513,50.136052,Coffee Shop,7.5,0.9963852551554132
glow gate,26.343238,50.148379,Coffee Shop,7.5,0.6225957803809464
dantella,26.348194,50.143148,Coffee Shop,,0.3476265937503237
lenore store,26.347567,50.141256,Coffee Shop,,0.961366767133787
قهوة ديوانيتي,26.347656,50.141071,Coffee Shop,,0.1093745144952304
care coffee,26.347702,50.141354,Coffee Shop,,0.8875700421547608
ركن القهوة العربية الاصيلة,26.3455,50.137619,Coffee Shop,,0.6377279930398037
i sweet cafe,26.346078,50.145446,Coffee Shop,,0.9027851142942962
coffee atoms,26.34484,50.138443,Coffee Shop,,0.4058664512320169
rossete,26.347472,50.128057,Coffee Shop,,0.913639706263141
flat white (فلات وايت),26.345249,50.146255,Coffee Shop,,0.5177992521931869
3 quarters cafe,26.346406,50.151209,Coffee Shop,,0.2630892085883852
trending,26.34331,50.134826,Coffee Shop,,0.5022320272607691
coffee latte,26.374918,50.116884,Coffee Shop,,0.4365658888232918
caf dealer,26.343152,50.148477,Coffee Shop,,0.5068825156138334
caffe vergnano 1882,26.234771,49.988839,Coffee Shop,7.5,0.9963476308831556
كافيه فيرنيانو,26.235139,49.988742,Coffee Shop,,0.9423935846484348
سايبم,26.249342,50.00411,Coffee Shop,,0.5554626163283177
starbucks (ستاربكس),26.469472,49.796828,Coffee Shop,8.7,0.9941637626339264
tim hortons (تيم هورتنز),26.469627,49.797143,Coffee Shop,7.8,0.9671009132449724
dose,26.467214,49.796126,Coffee Shop,7.8,0.9907956063565648
ستاربكس,26.468302,49.797379,Coffee Shop,7.6,0.6016570260032608
ستاربكس,26.468719,49.797802,Coffee Shop,7.4,0.6244981389886802
costa coffee (كوستا كوفي),26.468502,49.797266,Coffee Shop,7.2,0.3142578114313468
tim hortons,26.467421,49.796247,Coffee Shop,7.1,0.9644618412833657
dr. cafe coffee (د. كيف كوفي),26.468237,49.796207,Coffee Shop,6.6,0.734160981073812
palma specialty coffee,26.468005,49.795971,Coffee Shop,6.6,0.0447923557740085
segafredo zanetti espresso,26.467266,49.796169,Coffee Shop,6.1,0.9893276653638124
brioche dorée,26.468672,49.797518,Coffee Shop,6.0,0.2099322055163197
starbucks (ستاربكس),26.46587,49.792617,Coffee Shop,5.8,0.8236868294146547
coffeetalk,26.470453,49.7949,Coffee Shop,,0.7890815240150052
segfaredo,26.469888,49.797014,Coffee Shop,,0.7199644123178068
carvel,26.469923,49.798551,Coffee Shop,,0.2922156653241122
segafredo,26.468564,49.797487,Coffee Shop,,0.612129561659973
zn caffe,26.468391,49.796047,Coffee Shop,,0.93492874765282
مقهى نجر ومحماس,26.468284,49.796491,Coffee Shop,,0.4795585488501633
prayer room (المصلى),26.468189,49.795446,Coffee Shop,,0.700413836594668
dipndip,26.468021,49.795908,Coffee Shop,,0.9896746350856526
palma (بالما),26.468113,49.796002,Coffee Shop,,0.250750340473901
segafredo cafe (سيجافريدو كافيه),26.467923,49.794149,Coffee Shop,,0.940133191684993
كوفي توك,26.467251,49.796233,Coffee Shop,,0.6086397852930798
joffrey’s,26.477713,49.813416,Coffee Shop,,0.9875611074782868
coffee talk (كوفي توك),26.468237,49.796207,Coffee Shop,4.9,0.0305479431660847
al dallah cafe,26.458006,49.802334,Coffee Shop,,0.9489197150898618
بارنيز,26.451747,49.802741,Coffee Shop,,0.6481551423424579
بارنز (بارنز كافيه),26.451671,49.802623,Coffee Shop,,0.9554960306780886
derby coffee,26.451566,49.802987,Coffee Shop,,0.9626356567249432
quill (كويل),26.456087,50.061768,Coffee Shop,,0.8756900641125231
تمور القيصرية,26.450953,50.066296,Coffee Shop,,0.4634952200437083
شاي ابو حمامة,26.41071,50.10459,Coffee Shop,,0.8829402686718661
kayan,26.456125,50.116845,Coffee Shop,,0.9855099483163988
coffee valley,26.456573,50.117939,Coffee Shop,,0.933577768801334
repeat by the sea,26.49695,50.134677,Coffee Shop,9.0,0.9984497574024046
ceven specialty coffee,26.479403,50.133121,Coffee Shop,7.6,0.8763943696982879
sweet evolution (سويت ايفلوشن),26.455512,50.118751,Coffee Shop,8.2,0.8632404271406229
berries tree,26.462541,50.12181,Coffee Shop,7.6,0.9019358046173446
love and peace land,26.496371,50.121413,Coffee Shop,7.4,0.9381905022573772
kunefeci (كنافجي),26.454913,50.120743,Coffee Shop,7.4,0.874820039565402
ستاربكس (سباركيز),26.452426,50.128381,Coffee Shop,7.4,0.1104724026142166
jalstna cafe (مقهى جلستنا),26.47023,50.123807,Coffee Shop,6.8,0.9055505494619313
مقهى سبورت تايم (مقهى سبورت تايم) (مقهى سبورت تايم),26.475966,50.124603,Coffee Shop,6.2,0.8654258459435106
كافيه منظر البحر كورنيش الدمام,26.485071,50.133802,Coffee Shop,,0.8841935183171239
mammoth cafe,26.484701,50.127508,Coffee Shop,,0.3164714290153186
كنافة المملكة,26.441602,50.067373,Coffee Shop,,0.1310629835627505
la paniere,26.412856,50.096924,Coffee Shop,7.8,0.9168919408797606
محمصة وقهوة قلم المختصة,26.406494,50.113055,Coffee Shop,,0.871547090078613
star,26.401555,50.115903,Coffee Shop,,0.9554008845249562
atayib almagrib café,26.472103,50.086199,Coffee Shop,6.5,0.85022113123906
crystal caffe,26.459402,50.091091,Coffee Shop,,0.4404395695449978
كوفي اكسبيرينس,26.457634,50.099415,Coffee Shop,,0.2296036209593056
durbai coffee (دربي كافيه),26.480687,50.064328,Coffee Shop,5.9,0.8946441703176625
snow cafe,26.455256,50.096849,Coffee Shop,,0.9167987239639976
verocci cafe,26.455495,50.10499,Coffee Shop,,0.940134025209997
joffrey's,26.455564,50.105398,Coffee Shop,,0.9529047426695252
the coffee street,26.456598,50.107635,Coffee Shop,,0.9255300417404634
cariban coffee,26.455398,50.106413,Coffee Shop,,0.970046297734829
durbaie,26.461983,50.113909,Coffee Shop,,0.2426850614713772
1/oak coffe,26.468746,50.060118,Coffee Shop,,0.765932324519156
باستري شوب,26.467761,50.059452,Coffee Shop,,0.8602160560958684
levels cafe,26.467848,50.05947,Coffee Shop,,0.9664211954551576
derby coffee (دربي كافيه),26.459929,50.098411,Coffee Shop,6.7,0.8672487545184311
western corner,26.464688,50.084722,Coffee Shop,,0.6240251064226455
مقهى و محمصة كور,26.458567,50.092904,Coffee Shop,,0.4769288133486623
grambon,26.3594,50.189979,Coffee Shop,8.4,0.971685697454345
canary resto-cafe,26.348713,50.186756,Coffee Shop,7.3,0.8635423586478322
derby coffee (دربي كافيه),26.355645,50.189483,Coffee Shop,7.1,0.9364150257573668
lark,26.354638,50.200259,Coffee Shop,7.2,0.9692917037464122
oasis cafe | pearl residential compound,26.346887,50.190011,Coffee Shop,6.8,0.8756752691676172
blue k,26.367045,50.177151,Coffee Shop,,0.207935866761955
coffee juniors,26.368856,50.185068,Coffee Shop,,0.3499570166443981
road cafe,26.362929,50.178046,Coffee Shop,,0.900019679126661
kasbon (كاسبُن),26.357303,50.176997,Coffee Shop,,0.8920858838517229
derby rakah,26.358763,50.188251,Coffee Shop,,0.8877204416981062
seattle’s best coffee & cinnabon,26.359749,50.189429,Coffee Shop,,0.4989910131230964
detective cafe,26.35211,50.211592,Coffee Shop,9.2,0.9666595640675332
wogard coffee roasters (محمصة ومقهى ووقارد),26.346074,50.191229,Coffee Shop,9.1,0.9584121930737124
ستاربكس,26.345831,50.19578,Coffee Shop,9.1,0.9816502262386724
café quindío (كافيه كينديو),26.351217,50.211122,Coffee Shop,8.9,0.967023050023188
kashida (كشيدة),26.351955,50.211275,Coffee Shop,8.8,0.9724001353671836
lapro cafe,26.350858,50.211908,Coffee Shop,8.9,0.9839439479588384
webrew (ويبرو),26.343517,50.203178,Coffee Shop,9.5,0.9996866500382288
mocha coffee roasters (مقهى ومحمصة مخا),26.352279,50.211451,Coffee Shop,8.7,0.9692415677525288
swaj coffee roasters (محمصة و مقهى سُواج),26.343818,50.203197,Coffee Shop,9.1,0.9945853126605918
carpet (كاربت),26.35154,50.211723,Coffee Shop,8.8,0.9736159332188562
woods,26.351737,50.211276,Coffee Shop,8.6,0.9064587694120302
onda,26.343997,50.185243,Coffee Shop,8.9,0.9897722572477846
the geeks club,26.343993,50.203584,Coffee Shop,8.0,0.9673238659864885
atia cafe,26.367219,50.195217,Coffee Shop,,0.9585081150503888
بارنز,26.360357,50.192933,Coffee Shop,,0.3403105924821077
road café,26.410302,50.155617,Coffee Shop,7.6,0.8808169944794871
three grams (٣ جرام),26.394154,50.078638,Coffee Shop,8.1,0.9527183088379994
country way,26.464711,50.062922,Coffee Shop,,0.2818568809619985
tilio (تِليو),26.368964,50.08007,Coffee Shop,8.6,0.9818330588613036
sikkat karak (سكة كرك),26.366198,50.075701,Coffee Shop,7.9,0.995059503464562
icons coffee couture,26.38818,50.074973,Coffee Shop,7.6,0.987488218417591
تيم حورتنز,26.380173,50.18214,Coffee Shop,,0.7308931216273602
brain coffee,26.379518,50.181913,Coffee Shop,,0.8250525639830553
road cafe,26.409934,50.156187,Coffee Shop,,0.9243389367057142
nass (نص إثراء),26.335985,50.120734,Coffee Shop,9.5,0.9990989031476244
blanco,26.360792,50.07441,Coffee Shop,8.4,0.998933184186268
three sixty coffee lounge,26.363435,50.073519,Coffee Shop,8.6,0.9791504831743468
pattis france,26.335519,50.120624,Coffee Shop,8.4,0.8675491201358896
blue sky,26.353892,50.077517,Coffee Shop,8.0,0.9857274544531792
مقهى ميلان,26.366878,50.093681,Coffee Shop,7.8,0.4379227128193974
joffrey's (جوفريز),26.328878,50.109073,Coffee Shop,8.0,0.9919922116316802
beano,26.334877,50.121418,Coffee Shop,7.7,0.8750789754425214
twenty two cafe,26.377743,50.103582,Coffee Shop,7.7,0.6476918455913577
10°,26.335103,50.122491,Coffee Shop,7.4,0.9497042952283296
norm | specialty coffee,26.371546,50.089955,Coffee Shop,7.1,0.7059731328133901
razonah cafe,26.378036,50.103564,Coffee Shop,7.2,0.4532102870045262
inner circle (إنِر سيركل),26.335506,50.12296,Coffee Shop,7.0,0.900485763705476
starbucks (ستاربكس),26.334401,50.122599,Coffee Shop,7.0,0.7741146982361288
oosha’s coffee bar ️️,26.360322,50.079725,Coffee Shop,6.7,0.924121430568934
paul,26.328863,50.109372,Coffee Shop,6.6,0.9356631253309148
بارنز,26.354367,50.099683,Coffee Shop,,0.9777625868729868
play cafe,26.351299,50.093857,Coffee Shop,,0.0177422863002206
caffee valley,26.364311,50.095591,Coffee Shop,,0.9135050596070388
1 مليون,26.366769,50.093759,Coffee Shop,,0.4714083004484769
حلم,26.367854,50.098909,Coffee Shop,,0.9604345979761572
season coffee (الزمن المناسب),26.367337,50.09355,Coffee Shop,,0.8721167490082756
blue brown coffee,26.361146,50.08072,Coffee Shop,,0.3301432433272224
دلة السلطان,26.332385,50.090291,Coffee Shop,,0.7226683025192205
الكرات الملونة,26.423964,50.032712,Coffee Shop,,0.8971920993485173
ستاربكس,26.34306,49.99533,Coffee Shop,8.7,0.9999348254761896
tim hortons,26.321822,50.021235,Coffee Shop,8.0,0.3562129074356026
starbucks (ستاربكس),26.366077,50.023986,Coffee Shop,7.9,0.6399328964527983
tim hortons - kfmmc,26.320817,50.021526,Coffee Shop,7.9,0.999658018254211
ديربي,26.361465,50.034502,Coffee Shop,7.2,0.9253539653440224
dose,26.321856,50.017809,Coffee Shop,6.5,0.9597988471413108
moroccan taste (المذاق المغربي),26.350481,50.018694,Coffee Shop,,0.6574173557899141
دانكن,26.35053,50.018749,Coffee Shop,,0.9793545635336453
dunkin’,26.350656,50.018905,Coffee Shop,,0.5017491635914904
barn’s (بارنز),26.350477,50.018443,Coffee Shop,,0.9982292176041452
ديوانية ال مطارد,26.345946,50.034878,Coffee Shop,,0.1167800805808449
dose cafe,26.347549,50.036009,Coffee Shop,,0.527856321660504
bogota cafe,26.346532,50.007476,Coffee Shop,,0.2030266835087205
مقهي نغُم بيروت,26.363684,50.028308,Coffee Shop,,0.9471164090542454
tea four hundred,26.347749,50.046216,Coffee Shop,,0.5198085945996334
prince sultan cafè,26.323138,50.020371,Coffee Shop,,0.9634486115858268
home,26.350735,49.999826,Coffee Shop,,0.2771847048804164
48avenue- قهوة ٤٨,26.321977,50.019379,Coffee Shop,,0.9815048138422444
coffeekov roasters | bakery,26.347926,50.049313,Coffee Shop,,0.2690654486323007
coffeekov,26.347528,50.049394,Coffee Shop,,0.1039057887704688
تكية كرك,26.356586,50.045722,Coffee Shop,,0.90029932987395
ديوانية سلال البركة,26.358437,50.04442,Coffee Shop,,0.9075495344332928
شاي المزاج,26.358192,50.045195,Coffee Shop,,0.821189240696434
monroe (مونرو),26.372156,49.969886,Coffee Shop,9.2,0.9996578401122092
ستاربكس,26.372364,49.970428,Coffee Shop,9.3,0.9997006196415044
dr.cafe coffee | د. كيف,26.373405,49.975118,Coffee Shop,8.4,0.3500629541110021
coffee valley,26.35913,49.966586,Coffee Shop,8.4,0.9993484838016112
dr.cafe,26.373247,49.976353,Coffee Shop,8.1,0.8105458538148919
coffee line (كوفي لاين),26.373943,49.963662,Coffee Shop,7.9,0.9989833181467276
starbucks (ستاربكس),26.34063,49.966884,Coffee Shop,9.1,0.998682919833936
equal,26.341846,49.97053,Coffee Shop,8.9,0.9999634808896258
3/4 cafe,26.373216,49.976243,Coffee Shop,7.7,0.9788701190841108
repeat,26.373668,49.975842,Coffee Shop,7.5,0.995520364875538
ديوانية نايف للقهوة العربية,26.342337,49.971279,Coffee Shop,8.2,0.9996679433085984
tim hortons (تيم هورتونز),26.378271,49.991405,Coffee Shop,7.7,0.0565893008677169
starbucks,26.378156,49.991821,Coffee Shop,7.4,0.9463534523092866
شقة بنو قحطان,26.366576,49.965558,Coffee Shop,,0.8199348025722178
ديوانية تشاليت,26.36177,49.970686,Coffee Shop,,0.5738096646871272
سكن طلاب جامعة الاصاله,26.372233,49.970043,Coffee Shop,,0.9389561311323634
مقهى قبل الوعد,26.361124,49.970739,Coffee Shop,,0.998843273084436
fuel cafe,26.373375,49.971281,Coffee Shop,,0.7146863701900228
داون تاون الامانه,26.373617,49.970469,Coffee Shop,,0.912893574532514
شاي مقانيص,26.373709,49.969856,Coffee Shop,,0.9885054382299608
black vibes - alasala university,26.373195,49.9737,Coffee Shop,,0.9917667347550848
cf | coffee fix,26.373013,49.974933,Coffee Shop,,0.9810794616396012
the third cup,26.359407,49.966394,Coffee Shop,,0.989396122790228
pink box,26.372646,49.976216,Coffee Shop,,0.9756408881193156
in case,26.37372,49.975574,Coffee Shop,,0.7612337046194384
eeffect,26.373653,49.97597,Coffee Shop,,0.1845167624625281
manto rose (مانتو روز),26.357223,49.967329,Coffee Shop,,0.999503772729488
modo (مودو),26.34186,49.971346,Coffee Shop,6.1,0.987745204512744
دكة سعف,26.375783,49.962525,Coffee Shop,,0.6591370623289599
ديوانية تراث الفرسان,26.355302,49.968372,Coffee Shop,,0.9696345760392135
ستاربكس,26.378032,49.991617,Coffee Shop,,0.548113622531604
kasbon,26.378125,49.991711,Coffee Shop,,0.0193144612241485
dutch bros,26.385374,49.984811,Coffee Shop,,0.9997431192333684
ديوانية جوي,26.342371,49.970978,Coffee Shop,,0.5388560407761952
ايكوال,26.342335,49.96974,Coffee Shop,,0.9365386423721694
blue sky,26.342052,49.97049,Coffee Shop,,0.9961332242595304
8oz specialty coffee,26.341883,49.97074,Coffee Shop,,0.9983042153869136
الشاهي الممتاز,26.380351,49.944946,Coffee Shop,,0.796549643913225
barns’sبارنز,26.338796,49.957759,Coffee Shop,8.7,0.999545152571626
كرك - قهوة عربية - شاهي على الجمر,26.337425,49.957234,Coffee Shop,,0.9888005940781271
road cafe,26.337819,49.957503,Coffee Shop,,0.9982910074299212
كوفي لاين,26.338628,49.958219,Coffee Shop,,0.9977125549011382
kyan,26.337745,49.957988,Coffee Shop,,0.9976408909186898
دانكن دونتس - الفرسان طريق الرياض,26.338232,49.960237,Coffee Shop,,0.9627969006854522
brioche,26.320529,50.016148,Coffee Shop,,0.144944018239705
a plus (اي بلس),26.18675,50.159541,Coffee Shop,9.2,0.9999292776252756
شاي جمر - طريق الخالدية,26.173941,50.120283,Coffee Shop,,0.3706104379252106
n'storeis cafe,26.184444,50.15848,Coffee Shop,,0.9970642961564972
ارياف التوت,26.174006,50.153909,Coffee Shop,,0.9834545780522184
stay tuned (قريبًا),26.186678,50.159556,Coffee Shop,,0.4998977337665238
بارنز,26.186395,50.159646,Coffee Shop,,0.9960306908130516
light (لايت),26.352009,50.21164,Coffee Shop,8.3,0.918767155910407
sunrise pastry (سنرايز باستري),26.353518,50.202738,Coffee Shop,7.8,0.918002582003685
fliter roastery (محمصة فلتر),26.360955,50.207554,Coffee Shop,6.5,0.6468921950791522
speel,26.380179,50.21257,Coffee Shop,,0.9441340829039792
دانكن,26.364537,50.208526,Coffee Shop,,0.6372034142611834
fun&art,26.364742,50.207573,Coffee Shop,,0.9609189927678828
bakerista (بيكريستا),26.192277,50.189341,Coffee Shop,8.6,0.611383377411228
ديوانية اللقاء,26.189311,50.188527,Coffee Shop,8.4,0.938871689457654
la prep (لا بريب),26.187943,50.187529,Coffee Shop,8.5,0.9608813907724704
half million (هاف مليون),26.184086,50.183927,Coffee Shop,9.2,0.9987466001529148
al-seef cafe (السيف كافيه),26.183073,50.184394,Coffee Shop,9.0,0.980233884411466
aldeerah coffee (ديوانية الديرة),26.196845,50.193274,Coffee Shop,8.8,0.990160811200381
blue sky,26.191371,50.189756,Coffee Shop,8.1,0.9796698544802778
pastel (باستيل),26.191002,50.189381,Coffee Shop,7.9,0.9541757015905644
3 degrees coffee,26.185528,50.185863,Coffee Shop,8.2,0.9148314803905594
umq coffee (قهوة عُمق),26.201283,50.198941,Coffee Shop,9.2,0.9997242520336412
starbucks (ستاربكس),26.201824,50.19527,Coffee Shop,8.9,0.8868555958036173
starbucks (ستاربكس),26.205635,50.19663,Coffee Shop,9.2,0.9931564368349148
dose coffee roasters (محمصة و مقهى دوز),26.202823,50.195657,Coffee Shop,8.7,0.9839564819573092
tea leaves (ورق الشاي),26.201635,50.201512,Coffee Shop,8.7,0.9490242282190442
ستاربكس,26.209074,50.195728,Coffee Shop,8.9,0.9980822982339596
kyan (كيان),26.203972,50.196309,Coffee Shop,8.4,0.8953912487622676
compass cafe (بوصلة القهوة),26.208436,50.190999,Coffee Shop,8.7,0.9602922928443404
whole bean (هول بين),26.208876,50.187166,Coffee Shop,8.8,0.994735720642242
ستاربكس,26.178883,50.16414,Coffee Shop,9.1,0.9998102787680564
ديوانية المتكى الشعبي,26.2045,50.197517,Coffee Shop,8.1,0.9819635762004436
the coffeze (مقهى القهوات),26.208865,50.208698,Coffee Shop,8.8,0.9910381910933408
كيف الشرق,26.184672,50.164675,Coffee Shop,8.5,0.9977103917482588
handel (مقبض),26.216266,50.193329,Coffee Shop,8.5,0.9836807339909504
شاهي وذذ نكهة,26.184033,50.164815,Coffee Shop,8.2,0.9955524813335812
ديوانية مشار,26.210951,50.197949,Coffee Shop,8.1,0.9679254979130892
maa ward,26.196442,50.19833,Coffee Shop,7.5,0.8606595389995363
the lake cafe (مقهى البحيرة),26.183352,50.165139,Coffee Shop,8.0,0.9808083295128236
63 coffee,26.206177,50.208401,Coffee Shop,7.6,0.906985197347806
ستاربكس,26.184758,50.161466,Coffee Shop,7.5,0.9827846877787842
اوتار,26.20067,50.212144,Coffee Shop,7.3,0.945815524610506
24 cafe,26.191456,50.190312,Coffee Shop,,0.3874258927340411
coffee location,26.188295,50.18726,Coffee Shop,,0.5532130905080029
gacela café (جاسيلا كافيه),26.216299,50.193428,Coffee Shop,6.4,0.9491495682037526
perfect coffee,26.18831,50.186725,Coffee Shop,,0.8717771956431821
after caf,26.185433,50.186353,Coffee Shop,,0.7033202561949288
coffee valley (وادي القهوة),26.185603,50.184841,Coffee Shop,,0.928869558677914
barista kurdi,26.188669,50.181677,Coffee Shop,,0.8917939912011331
nada stories cafe,26.183888,50.164586,Coffee Shop,6.1,0.9501880097962832
nadia's kitchen,26.177487,50.196995,Coffee Shop,,0.5393630221977113
فيلوتشي,26.202538,50.195739,Coffee Shop,,0.4087211561360189
veloce,26.202528,50.195854,Coffee Shop,,0.9582743190905332
caffè vergnano 1882,26.202654,50.195642,Coffee Shop,,0.8916686512164246
coffee valley (وادي القهوة),26.250352,50.202656,Coffee Shop,8.5,0.9833924520261208
espresso station (اسبريسو ستيشن),26.241778,50.214466,Coffee Shop,8.7,0.9679129639146185
tim hortons,26.231281,50.194123,Coffee Shop,8.1,0.9975809382951256
buna (بُنة),26.220496,50.212667,Coffee Shop,9.2,0.9976436082874798
starbucks (ستاربكس),26.220389,50.212872,Coffee Shop,9.3,0.9939962147324618
كيان,26.22556,50.213289,Coffee Shop,8.6,0.9872654575536142
al seef cafe (السيف كافيه),26.222482,50.219322,Coffee Shop,9.4,0.994322098692704
cesario coffee,26.255965,50.220532,Coffee Shop,8.6,0.9915896870260582
barn's (بارن كافيه),26.266281,50.203846,Coffee Shop,8.4,0.9807979143426544
الموفنبيك العزيزيه,26.218395,50.185732,Coffee Shop,8.4,0.9875913415138564
elk specialty coffee,26.217432,50.207278,Coffee Shop,8.1,0.9628366945339232
3nb w teen (عنب و تين),26.222911,50.215749,Coffee Shop,8.0,0.965055212263264
leaves (ليڤز),26.216535,50.192866,Coffee Shop,7.5,0.898750360352456
مقادير,26.220527,50.212721,Coffee Shop,7.4,0.2794580299061203
road café (قهوة الطريق),26.216464,50.18848,Coffee Shop,7.4,0.8773548249627113
pause (بوز),26.219945,50.212449,Coffee Shop,7.3,0.9874158655352644
derby cafe (مقهى دربي),26.22408,50.196451,Coffee Shop,7.0,0.9638394144115916
sun room cafe & restaurant,26.255705,50.220895,Coffee Shop,6.2,0.6812854868831706
moroccan taste (المذاق المغربي),26.231637,50.194252,Coffee Shop,,0.3313613175739192
barn’s (بارنز),26.231466,50.194055,Coffee Shop,,0.9788676785781432
road cafe,26.23006,50.19547,Coffee Shop,,0.9339458280586088
darts cafe (دارتس كافيه),26.255207,50.203506,Coffee Shop,,0.9558677913841296
كافيه ذكريات,26.254626,50.209183,Coffee Shop,,0.2496772495393755
//maps.app.goo.gl/gjsuy2dvwhrx9quv8?g_st=ic (eastern mood cafe استرن مود كافيه 059 000 1215 https),26.22511,50.197357,Coffee Shop,,0.6951480891919332
art,26.254266,50.212366,Coffee Shop,,0.2053068949525588
flat white (فلات وايت),26.22408,50.196317,Coffee Shop,,0.0517152776907361
al-kharj international coffee house (مقهى الخرج العالمي),26.260022,50.197641,Coffee Shop,,0.9332188561472996
الرواف,26.259432,50.204581,Coffee Shop,,0.6226890440319366
blue sky,26.254914,50.214438,Coffee Shop,,0.9633129864758156
erorr,26.233959,50.220225,Coffee Shop,,0.0383289673238659
aquab cafe ramada hotel,26.255103,50.218399,Coffee Shop,,0.6609428073649775
ابو هيثم abo haitham vip الطابق الأول,26.222725,50.184713,Coffee Shop,,0.8640061165912538
al montazah,26.221926,50.184923,Coffee Shop,,0.6344835365930085
mq cafe,26.220757,50.212734,Coffee Shop,,0.0473785142198212
road café (قهوة الطريق),26.21837,50.208501,Coffee Shop,,0.9835177920108292
ديوانية زمان البركة,26.217195,50.203506,Coffee Shop,,0.939786671346026
love coffe,26.266142,50.203234,Coffee Shop,,0.7732975696576965
ديوانية شاله,26.217911,50.190106,Coffee Shop,,0.4070666683378665
بوفية شلالات صنعاء,26.266906,50.199611,Coffee Shop,,0.8729052555055589
gracela cafe,26.216802,50.192583,Coffee Shop,,0.8280210069814371
الشبة,26.26673,50.19417,Coffee Shop,,0.8833962122256621
بيت الكيف للقهوة,26.265413,50.209797,Coffee Shop,,0.8826692403143527
مقهى رصه للترفيه,26.216528,50.192872,Coffee Shop,,0.4645726533221363
olden (اولدن),26.301878,50.201303,Coffee Shop,9.6,0.9994610380657534
atypical (اتيبكل),26.30599,50.190239,Coffee Shop,9.0,0.9997743880275246
urth caffe (ايرث كافيه),26.317849,50.20377,Coffee Shop,9.5,0.9998997280122331
la panetière,26.318069,50.194271,Coffee Shop,9.0,0.999147688103982
مُر,26.316915,50.204099,Coffee Shop,9.0,0.9989972801223318
dose (دوز),26.317878,50.203825,Coffee Shop,9.0,0.9959891204893272
the usual (ذي يوجول),26.305565,50.183432,Coffee Shop,9.4,0.9961395284709776
archi (ارتشي),26.298652,50.189677,Coffee Shop,9.2,0.9906245691438026
7 grams (٧ جرام),26.305571,50.183189,Coffee Shop,9.3,0.9943973026835292
nass (نَصّ),26.302977,50.211757,Coffee Shop,9.4,0.9997117180351704
zoliea (زُولِية),26.298005,50.209832,Coffee Shop,9.4,0.995851246506148
organico speciality coffee (قهوة اورقانيكو المختصة),26.303736,50.210663,Coffee Shop,8.8,0.9811488662998384
llama (لاما),26.303217,50.181088,Coffee Shop,9.2,0.9985335221789104
olabs (اولابز),26.303277,50.206322,Coffee Shop,8.4,0.9851848138074528
mound,26.305497,50.178332,Coffee Shop,9.3,0.9937956707569282
olden (اولدن),26.31523,50.216146,Coffee Shop,9.5,0.9997618540290538
umq coffee (قهوة عُمق),26.321786,50.211889,Coffee Shop,9.4,0.9994234360703408
umq coffee (قهوة عُمق),26.297826,50.212496,Coffee Shop,9.3,0.9927428148853766
cosmo (drive thru) (كوزمو),26.325143,50.207918,Coffee Shop,9.3,0.9963150044495694
balancd coffee (بالنسد كوفي),26.305186,50.217246,Coffee Shop,9.3,0.9993482320795156
caffeination (كافينيشن),26.307375,50.178835,Coffee Shop,8.8,0.9934196508028026
mylk (ميلك),26.302492,50.21375,Coffee Shop,8.7,0.9922539889450134
cavo (كاڤو),26.314479,50.217111,Coffee Shop,9.0,0.9951869445871928
equal (إيكول),26.31984,50.216692,Coffee Shop,9.3,0.9988343381422108
gravity lounge,26.307034,50.176208,Coffee Shop,9.0,0.9977438802752466
boad coffee roasters (مقهى و محمصة بُعد),26.305397,50.178167,Coffee Shop,8.8,0.994071418723287
core coffee & roastery,26.325143,50.207633,Coffee Shop,8.9,0.9945351766667084
ستاربكس,26.300423,50.215308,Coffee Shop,8.8,0.9884937894037577
lluvia (يوڤيا),26.309265,50.220214,Coffee Shop,9.1,0.9969041023776996
wacafe (وكف),26.319811,50.216804,Coffee Shop,9.0,0.9970169083639372
andes coffee roasters (محمصة و مقهى أنديز),26.29783,50.219115,Coffee Shop,9.6,0.9987089981575022
specialty bean cafe (محمصة سبيشلتي بين),26.300319,50.219761,Coffee Shop,9.2,0.9932567088226816
شاهي t1,26.2968,50.217331,Coffee Shop,9.2,0.982439868142336
bohemia (بوهيميا),26.299565,50.214963,Coffee Shop,8.7,0.9957259065214394
shrq coffee roasters (مقهى ومحمصة شرق),26.311596,50.223059,Coffee Shop,9.3,0.9994485040672824
a plus (آي بلس),26.299565,50.174274,Coffee Shop,9.2,0.999059950114686
line espresso bar (لاين اسبريسو بار),26.296109,50.21903,Coffee Shop,9.3,0.9976060062920672
barn's (بارن كافيه),26.322756,50.179696,Coffee Shop,8.8,0.9936076607798654
starbucks (ستاربكس),26.268738,50.216005,Coffee Shop,9.1,0.9853352217891028
vicoli boutique (ڤيكولي بوتيك),26.272916,50.216325,Coffee Shop,8.8,0.9573342692052192
ستاربكس,26.266237,50.213014,Coffee Shop,8.1,0.993645262775278
caffè nero,26.274295,50.200446,Coffee Shop,8.2,0.9851096098166277
tea time,26.277549,50.211453,Coffee Shop,8.5,0.975671508968076
sea rock (صخر البحر),26.261907,50.219034,Coffee Shop,8.0,0.9377812315906896
ستاربكس,26.272397,50.206836,Coffee Shop,7.9,0.8853765839840567
sunroom cafe and restaurant,26.271953,50.221238,Coffee Shop,7.6,0.9772382587769324
ديوانية المشراق,26.265613,50.210393,Coffee Shop,,0.9581239111088828
ديوانية فن الزعفران,26.269137,50.19041,Coffee Shop,,0.3992454532920547
deawaniyat gdoe (ديوانية قدوع),26.269075,50.19019,Coffee Shop,,0.3944574658761892
قهوة الشيوخ,26.270306,50.192228,Coffee Shop,,0.475276688016244
ديوانية وقت القهوة,26.271939,50.195694,Coffee Shop,,0.3334795633154933
coffee only,26.273196,50.200791,Coffee Shop,,0.8704485918052718
la mode coffee,26.267111,50.215659,Coffee Shop,,0.8624268327839264
density,26.274618,50.205582,Coffee Shop,,0.4772946617700512
مقهى ومحمصة شرق,26.274785,50.205435,Coffee Shop,,0.947846032362784
al-taam coffee and flour mill (مطاحن وبن التام),26.273722,50.185155,Coffee Shop,,0.943935424839878
دربي كافيه,26.278119,50.200092,Coffee Shop,,0.9198450797789004
كرك وجباتي,26.27835,50.200798,Coffee Shop,,0.9458029906120352
ديوانية نايف للقهوة الغربية,26.278381,50.200672,Coffee Shop,,0.4304175074890641
derby coffee international,26.279088,50.201313,Coffee Shop,,0.0085105849617086
otranto coffee,26.27915,50.201297,Coffee Shop,,0.899176516300465
شوكلت لاونج,26.274332,50.180842,Coffee Shop,,0.3664189112968928
برنس الشرق,26.279398,50.190786,Coffee Shop,,0.9723625333717708
woods,26.278907,50.209022,Coffee Shop,,0.8729804594963839
كرك الصبيخه,26.277397,50.213026,Coffee Shop,,0.2991614755023
golden tea (كرك الذهبي),26.277475,50.212968,Coffee Shop,,0.908251131193362
the sky cafè,26.217394,50.21289,Coffee Shop,9.0,0.965995262148578
boston’s cafe (بوسطن كافيه),26.211082,50.212599,Coffee Shop,8.8,0.9260744770189138
worthy coffee,26.211083,50.212834,Coffee Shop,8.7,0.9747189250842913
24 cafe,26.21698,50.184451,Coffee Shop,7.6,0.9862126016820626
bon cafe,26.215957,50.179174,Coffee Shop,7.5,0.937283174144368
le paumé café,26.217517,50.212858,Coffee Shop,6.9,0.0674329117731847
barn's  (بارنز),26.217048,50.184841,Coffee Shop,,0.9916272890214708
knock (نوك),26.337298,50.201441,Coffee Shop,9.2,0.9978441522630134
soulaf (سُلاف),26.337207,50.201602,Coffee Shop,9.1,0.9903738891743856
double a (دبل اي),26.34224,50.180956,Coffee Shop,8.9,0.9689156837922864
elegant garden,26.338082,50.208264,Coffee Shop,8.7,0.989057819334946
the hub (ذا هب),26.334396,50.189335,Coffee Shop,8.9,0.9473321384254793
starbucks (ستاربكس),26.334167,50.212065,Coffee Shop,8.9,0.9915395510321748
10° coffee house (تن دقريز بيت القهوة),26.330281,50.212671,Coffee Shop,8.9,0.992291590940426
dose (دوز كافيه),26.338543,50.208261,Coffee Shop,8.2,0.9890954213303584
dallat alfaris cafe (مقهى دلة الفارس),26.342778,50.182055,Coffee Shop,8.0,0.983469533604698
note music center & cafe (مركز ومقهى نوت للموسيقى),26.336032,50.192987,Coffee Shop,7.9,0.8971084065527744
la mode co,26.336461,50.197177,Coffee Shop,7.8,0.9536492736547886
derby coffee,26.335396,50.191847,Coffee Shop,7.5,0.9379692415677524
dose cafe,26.332859,50.212547,Coffee Shop,7.5,0.9526716217740622
motion cafe,26.334797,50.191473,Coffee Shop,7.3,0.9354123058796988
ستاربكس,26.328859,50.20053,Coffee Shop,7.4,0.9113470288156624
dyjor roasters (محمصة دَيْجُور),26.288549,50.21758,Coffee Shop,9.1,0.9940463507263452
starbucks (ستاربكس),26.288657,50.216227,Coffee Shop,8.8,0.9818006342203226
iraqi tea (جاي عراقي),26.293538,50.219764,Coffee Shop,9.0,0.994647982652946
24 cafe (قهوة ٢٤),26.284406,50.218504,Coffee Shop,9.2,0.9969918403669956
half million (هاف مليون),26.29513143624868,50.22073713345232,Coffee Shop,9.0,0.999235426093278
black horse coffee roasters (محمصة الخيل الأسود),26.28542,50.218593,Coffee Shop,8.9,0.9783913866362508
starbucks reserve (ستاربكس ريزيرڤ),26.28304,50.219394,Coffee Shop,9.4,0.9891956933181254
koffiqa coffee roasters (مقهى و محمصة كوفيكا),26.283817,50.220222,Coffee Shop,9.2,0.994572778662121
qaf coffee roasters (محمصة ومقهى قاف),26.283475,50.220952,Coffee Shop,9.4,0.9883433814221074
sensations coffee & co (سنسيشنز كوفي آند كو),26.299705,50.220394,Coffee Shop,9.0,0.9870649135780806
owl bakehouse,26.29947,50.215326,Coffee Shop,8.3,0.9900480052141434
danube le gourmet,26.304514,50.222378,Coffee Shop,9.1,0.9962774024541567
tulum (تولوم),26.303594,50.223328,Coffee Shop,8.9,0.99617713046639
panama (بنما),26.299744,50.212176,Coffee Shop,8.2,0.996101926475565
chemistry coffee (كيمستري كوفي),26.302902,50.222152,Coffee Shop,8.6,0.9873782635398518
hobra (هوبرا),26.309177,50.214547,Coffee Shop,8.9,0.9904490931652108
starbucks (ستاربكس),26.30457,50.199171,Coffee Shop,9.0,0.9852224158028652
tim hortons,26.299082,50.181486,Coffee Shop,9.1,0.985234949801336
starbucks (ستاربكس),26.30203,50.17745,Coffee Shop,8.6,0.9869270395949012
starbucks (ستاربكس),26.307338,50.173058,Coffee Shop,8.8,0.9931815048318564
8oz coffee,26.304103,50.168187,Coffee Shop,9.3,0.9954376245566098
zoya (زويا),26.303561,50.169328,Coffee Shop,9.0,0.9972801223318252
7 grams (٧ جرام),26.290708,50.18091,Coffee Shop,8.6,0.9936327287768072
marks & spencer coffee (ماركس & سبنسر كافيه),26.307846,50.17381,Coffee Shop,8.3,0.9929809608563228
ben’s cookies,26.303537,50.170626,Coffee Shop,8.5,0.9948610606269506
tulum (تولوم),26.308906,50.169742,Coffee Shop,8.5,0.9908627151147488
density coffee roasters (محمصة ومقهى دينسيتي),26.328687,50.180382,Coffee Shop,9.1,0.9964779464296906
beyond,26.32838,50.180226,Coffee Shop,9.1,0.9967536943960492
unleash coffee,26.281435,50.20057,Coffee Shop,8.8,0.9731897772708472
ارابيا كافيه,26.28406,50.210689,Coffee Shop,9.4,0.9851221438150984
shathrat cafe (شذرات كافيه),26.275161,50.218922,Coffee Shop,8.9,0.9707957835629144
methods (ميثودز),26.282662,50.220466,Coffee Shop,9.0,0.9525462817893536
blue sky,26.285347,50.194241,Coffee Shop,8.4,0.9851973478059236
meem coffee (مِيم),26.289472,50.216453,Coffee Shop,8.4,0.9644410463381924
tell a tale (تيل ا تيل),26.296472,50.219226,Coffee Shop,9.3,0.9840818219420178
aged coffee house,26.299294,50.202342,Coffee Shop,9.1,0.9773761327601118
ستاربكس,26.289013,50.21912,Coffee Shop,8.2,0.9749570710552372
blue star cafe (بلو ستار كافيه),26.32715,50.215145,Coffee Shop,8.8,0.9917024930122958
cofféa (كوفيا),26.324793,50.206615,Coffee Shop,8.5,0.9637391424238246
تّل,26.321884,50.220768,Coffee Shop,9.3,0.9967160924006369
vardø (vardø),26.321546,50.219743,Coffee Shop,8.9,0.9874910695260896
namq (نمق),26.319378,50.22272,Coffee Shop,9.4,0.9998621260168208
density coffee roasters (محمصة و مقهى دينستي),26.319682,50.222786,Coffee Shop,9.2,0.9982577742125516
otoño (أوتونيو),26.320071,50.222049,Coffee Shop,9.0,0.9971923843425292
qasha (‎قَشة),26.318468,50.222844,Coffee Shop,9.4,0.9966910244036952
willow,26.318095,50.222335,Coffee Shop,9.3,0.9939084767431658
veloce (فيلوتشي),26.319932,50.222584,Coffee Shop,8.9,0.991100861085695
starbucks (ستاربكس),26.316542,50.223297,Coffee Shop,9.4,0.9966659564067534
ramla (رملا),26.317157,50.223023,Coffee Shop,9.1,0.9855106977676948
ballet coffee (باليه كافيه),26.317294,50.222958,Coffee Shop,8.7,0.9969542383715828
sequence (سيكونس),26.314555,50.217032,Coffee Shop,8.6,0.9888322073624708
arabia coffee,26.314734,50.210611,Coffee Shop,8.4,0.9784540566286052
the blk. (the blk),26.31012,50.224268,Coffee Shop,9.3,0.9929308248624392
inside (ان سايد),26.310537,50.224136,Coffee Shop,9.1,0.994146622714112
sharik café (شارك كافيه),26.309689,50.223518,Coffee Shop,9.2,0.9958387125076772
eclipse (إكلبس),26.309511,50.223659,Coffee Shop,9.1,0.9992980960856322
peek-a-brew (بيك-أ-برو),26.3092,50.219423,Coffee Shop,8.9,0.9887820713685872
oob (او او بي),26.310512,50.224067,Coffee Shop,8.8,0.9972550543348834
crafter (كرافتر),26.317755,50.223038,Coffee Shop,8.2,0.9933319128135066
cosmo (كوزمو),26.310797,50.223505,Coffee Shop,8.7,0.9948735946254216
archi (ارتشي),26.309359,50.222512,Coffee Shop,8.9,0.9985711241743228
monroe (مونرو),26.306498,50.224632,Coffee Shop,9.0,0.9840692879435468
nespresso (نسبريسو),26.302641,50.22228,Coffee Shop,9.1,0.9818758382111478
شاهي وكرك وجباتي,26.218035,50.214424,Coffee Shop,,0.9715728914681072
كوفي ماله أسم,26.219706,50.221538,Coffee Shop,,0.3884113792529971
barn’s,26.215248,50.212912,Coffee Shop,,0.933018312171766
coffee vally,26.215078,50.207103,Coffee Shop,,0.9935449907875112
barn’s,26.215015,50.206951,Coffee Shop,,0.9745434491056992
ورقة ربيع,26.213501,50.207837,Coffee Shop,,0.7362094681824449
gfs,26.211021,50.212851,Coffee Shop,,0.1324843638369076
سنقيلي,26.209927,50.220798,Coffee Shop,,0.9708584535552688
حي الجسر للعطارة,26.210258,50.206033,Coffee Shop,,0.4157276612812253
دكان وافل,26.210136,50.203625,Coffee Shop,,0.9566448992893224
mare cafe,26.216288,50.193657,Coffee Shop,,0.232593409623604
starbucks (ستاربكس),26.33079,50.162701,Coffee Shop,8.7,0.9804469623854706
toast & tonic (توست آند تونك),26.328825,50.18005,Coffee Shop,8.0,0.2265018863667698
spark coffee drive thru,26.332617,50.161098,Coffee Shop,8.4,0.9948986626223632
kyan (كيان),26.330769,50.161804,Coffee Shop,8.1,0.9780780366744796
starbucks (ستاربكس),26.3234,50.16423,Coffee Shop,9.2,0.9881303034481028
alshabba (الشبّة),26.30368,50.175089,Coffee Shop,9.0,0.959728262913152
de floré (دي فلور),26.305748,50.183144,Coffee Shop,8.4,0.9898349272401388
la pazzia (لا بازيا),26.306224,50.18003,Coffee Shop,8.3,0.9729140293044884
sword (سورد),26.306253,50.183136,Coffee Shop,8.2,0.9733151172555556
lily (ليلي),26.306108,50.1722,Coffee Shop,8.5,0.995337352568843
van houtte café (فان هوت كافيه),26.300607,50.172346,Coffee Shop,8.7,0.97617286890691
starbucks (ستاربكس),26.299397,50.188723,Coffee Shop,8.5,0.9693543737387664
tim hortons,26.323339,50.164955,Coffee Shop,8.5,0.9823395961545692
ديوانية الساحل,26.323848,50.16618,Coffee Shop,8.3,0.973039369289197
tim hortons (تيم هورتونز),26.310926,50.21352,Coffee Shop,8.0,0.984482909893085
cassia (كاسيا),26.282297,50.199468,Coffee Shop,8.3,0.9260243410250304
soir,26.282272,50.221471,Coffee Shop,9.0,0.9933945828058608
rosalie (روزالي),26.29052,50.178126,Coffee Shop,8.4,0.9786546006041388
مقهى قدوع,26.284312,50.18926,Coffee Shop,7.6,0.968878081796874
manto rose (manto rose),26.281672,50.222398,Coffee Shop,8.5,0.9681511098855646
mondo (موندو),26.286802,50.218348,Coffee Shop,7.8,0.9449130767206046
bisket,26.291562,50.216982,Coffee Shop,7.8,0.9573969391975734
coffee valley (وادي القهوه),26.293647,50.172109,Coffee Shop,7.8,0.977112918792224
krispy kreme (كرسبي كريم),26.309626,50.171926,Coffee Shop,7.6,0.9784039206347216
le café,26.292721,50.180913,Coffee Shop,8.5,0.9629996365140444
aioli lounge (أيولي لاونج),26.273304,50.220884,Coffee Shop,7.5,0.8892871915069627
derby coffee (ديربي كافيه),26.273334,50.22005,Coffee Shop,6.8,0.908338869182658
حلويات طرابلس,26.281863,50.210262,Coffee Shop,6.8,0.9209355376458644
dr. cafe,26.275465,50.216483,Coffee Shop,,0.913603148540416
al amwaj suites,26.277092,50.21523,Coffee Shop,,0.9598536028978604
noor cafe,26.277766,50.213402,Coffee Shop,,0.8933983430054021
الشرقية,26.280075,50.208813,Coffee Shop,,0.0897684970482433
three seeds,26.280188,50.208415,Coffee Shop,,0.0430417507489064
coffeekov,26.28021,50.208292,Coffee Shop,,0.9809232543273628
cafe 88,26.28065,50.210521,Coffee Shop,,0.9850093378288608
joffre's,26.281016,50.207829,Coffee Shop,,0.9807853803441836
modka caffe (مقهى مودكا),26.28154,50.209934,Coffee Shop,,0.6139904490931652
coffee sol,26.281965,50.205338,Coffee Shop,,0.737726081997418
ع كافيه,26.282186,50.210826,Coffee Shop,,0.9054936515297746
caffé bene (كافيه بيني),26.28193,50.201688,Coffee Shop,,0.9244826592131156
scratch winter nights,26.282426,50.205571,Coffee Shop,,0.3470162816640136
scratch karak & bread,26.282764,50.205364,Coffee Shop,,0.8809520825238459
hawaya cafe,26.282832,50.211011,Coffee Shop,,0.9382575235325822
شعبيات بوعادل,26.201551,50.205898,Coffee Shop,7.8,0.8745722773021821
مقهى البن اللذيذ,26.208187,50.189177,Coffee Shop,,0.5367559505157741
كافيه جواهر الورق,26.207957,50.189179,Coffee Shop,,0.8803379165987741
blueprint coffee roasters,26.211197,50.188859,Coffee Shop,,0.9648797362846722
lavande,26.21258,50.189322,Coffee Shop,,0.955316295451412
آرت سويت,26.152038,50.159797,Coffee Shop,8.3,0.972951631299901
derby cafe (مقهى دربي),26.156956,50.161336,Coffee Shop,7.9,0.9966784904052242
ozone coffee (أوزون كوفي),26.154863,50.161281,Coffee Shop,7.8,0.1460336161838988
شاي ابو ياسر,26.14716,50.162612,Coffee Shop,7.0,0.9042026496872768
كوستا كوفي,26.145521,50.151304,Coffee Shop,6.3,0.9350112179286314
cafe bowl - sara village,26.144828,50.150601,Coffee Shop,,0.0655277440056152
sameah,26.153812,50.144651,Coffee Shop,,0.2698699143480531
شاي مناحي,26.14716,50.162376,Coffee Shop,,0.6508153366005289
القهوة المثالية,26.151289,50.161468,Coffee Shop,,0.9681385758870936
شاي جمر وهيل,26.148251,50.16262,Coffee Shop,,0.5829061328854518
sparkle coffee,26.125032,50.142943,Coffee Shop,,0.9717107654512868
شاي التاج,26.151587,50.163364,Coffee Shop,,0.3092012082774525
ديوانية الذوق المتميز,26.157339,50.160941,Coffee Shop,,0.1372222152588897
مانتو روز,26.157051,50.161293,Coffee Shop,,0.6949600792148704
مقهى ليالي العزيزية,26.155763,50.163419,Coffee Shop,,0.903337803792788
قهوة الفيشاوي - العزيزية,26.163458,50.163463,Coffee Shop,,0.3015680032087036
euro village café,26.116615,50.159469,Coffee Shop,,0.972104234957085
first light (فيرست لايت),26.330497,50.212969,Coffee Shop,7.5,0.2366544251281601
pianolla coffee,26.337987,50.204865,Coffee Shop,6.1,0.9749696050537082
شاي ok,26.347849,50.228664,Coffee Shop,,0.6856097163556146
شاهي ملغم,26.3451,50.226235,Coffee Shop,,0.9374929496258602
vip tea,26.344698,50.226008,Coffee Shop,,0.2099570083852449
woods specialty café & roastery,26.350581,50.211212,Coffee Shop,,0.1420102026747552
rebeat,26.349336,50.209431,Coffee Shop,,0.9356128498552324
ola amor (اولا امور),26.323288,50.228905,Coffee Shop,8.2,0.986851835604076
zoya (زويا),26.313638,50.223643,Coffee Shop,8.8,0.9533860596869008
drag coffee (دراق كوفي),26.269137,50.216254,Coffee Shop,6.4,0.9227404334256673
dr. cafe (د. كيف),26.267476,50.213858,Coffee Shop,,0.8616622588772044
cafe vergnano,26.268964,50.2127,Coffee Shop,,0.8996778762392991
vroulik,26.269432,50.218829,Coffee Shop,,0.630121705125152
شاهي أم عبدالله,26.29659,50.22304,Coffee Shop,9.1,0.9572089292205106
costa coffee (كوستا كوفى),26.291703,50.22019,Coffee Shop,7.6,0.9701064136470176
shrq coffee roasters (مقهى ومحمصة شرق),26.177522,50.157961,Coffee Shop,9.4,0.9999942231093694
art sweet,26.175021,50.162254,Coffee Shop,8.8,0.9970171648725858
dunkin,26.168849,50.16189,Coffee Shop,8.1,0.9998875160502764
صناع القهوه,26.185303,50.165158,Coffee Shop,,0.4154980742213381
le café,26.184964,50.164657,Coffee Shop,,0.978659249851665
حاسة القهوه,26.184872,50.164799,Coffee Shop,,0.8614801386301059
كيف النشاما,26.184242,50.164788,Coffee Shop,,0.3715226776676987
crebarista coffee,26.184085,50.164962,Coffee Shop,,0.1122169403118681
الشاي المخدر,26.184242,50.164788,Coffee Shop,,0.9451935188376897
شاي مشكل,26.183858,50.164712,Coffee Shop,,0.58494310717061
كيان,26.173235,50.157257,Coffee Shop,,0.9996179617526576
شاهي المذاق السعودي,26.173456,50.163255,Coffee Shop,,0.9578146251784124
بارنز,26.176269,50.162423,Coffee Shop,,0.9999138301688316
كوفي لاين,26.177481,50.16326,Coffee Shop,,0.9439564753281598
coffee & tea (قهوة وشاي),26.17765,50.163274,Coffee Shop,,0.9809115246295952
gravity coffee,26.162757,50.114196,Coffee Shop,8.9,0.9928339071414456
ستاربكس,26.148155,50.092715,Coffee Shop,7.4,0.2577992805484878
pmu's jamoka cafè,26.147147,50.092093,Coffee Shop,7.0,0.9750573430430042
segafredo zanetti,26.148362,50.09254,Coffee Shop,,0.1320582078888986
sand speciality coffee,26.147454,50.092498,Coffee Shop,,0.8609227529674242
مقهى الفيشاوي,26.184964,50.164657,Coffee Shop,8.1,0.9428050163260784
greeno cafe,26.090369,50.124864,Coffee Shop,,0.5729792060965369
starbucks (ستاربكس),26.339998,50.151536,Coffee Shop,9.3,0.998342810386436
matter speciality coffee (ماتر للقهوة المختصة),26.302638,50.176674,Coffee Shop,8.3,0.9740796911622776
ديوانية كيف القيصيرية,26.333111,50.149566,Coffee Shop,8.3,0.9882028814384406
script (سكربت),26.33814,50.152793,Coffee Shop,8.5,0.9834177464292744
dose (دوز),26.338853,50.152406,Coffee Shop,8.4,0.994976643983884
overdose (أوڤردوز),26.300645,50.171967,Coffee Shop,8.1,0.95631901532908
toss eatery & cafe (مطعم ومقهى توس),26.295908,50.177339,Coffee Shop,8.4,0.8691074539688907
notes cafe (نوتس كافيه),26.307699,50.168844,Coffee Shop,7.5,0.6641139089781031
the coffee bike,26.302722,50.180471,Coffee Shop,8.0,0.8793602647180477
tim hortons (تيم هورتنز),26.310303,50.136601,Coffee Shop,7.8,0.978094647654474
mayfair (مايفير),26.339357,50.152117,Coffee Shop,8.1,0.8806305606479612
starbucks (ستاربكس),26.335379,50.131182,Coffee Shop,9.3,0.9994199836352524
ستاربكس,26.331385,50.132707,Coffee Shop,8.8,0.9393261452733844
scratch (سكراتش),26.339645,50.152042,Coffee Shop,7.3,0.8859957120218749
derby caffee (دربي كافيه),26.33231,50.161652,Coffee Shop,7.2,0.9671233220109547
jamoka café,26.334765,50.131817,Coffee Shop,7.2,0.3252752488373779
quantum specialty coffee,26.339917,50.151947,Coffee Shop,6.4,0.9703984505277112
الشبة,26.334966,50.145238,Coffee Shop,,0.8874561103688282
road cafè (قهوة الطريق),26.3348,50.153247,Coffee Shop,,0.907321670861428
كوستا كوفي,26.323616,50.164764,Coffee Shop,6.0,0.9009438100848552
diwaniyah alsofayan,26.330293,50.158578,Coffee Shop,,0.1574395547923743
spark,26.332417,50.161446,Coffee Shop,,0.294837246029856
roxy cafe (روكسي كافيه),26.341795,50.165243,Coffee Shop,,0.929196573760474
جباتي وكرك,26.32267,50.157511,Coffee Shop,,0.937593221613627
دوز كافيه,26.325548,50.136522,Coffee Shop,,0.9710613263731368
rosario cafe,26.342594,50.181631,Coffee Shop,7.8,0.3156687514884123
ستاربكس,26.327805,50.147985,Coffee Shop,6.9,0.9202712357269092
la mode cafe,26.340917,50.179531,Coffee Shop,6.5,0.9726257473396588
villaggio,26.341098,50.150871,Coffee Shop,,0.8566530984267056
ستاربكس,26.339614,50.151932,Coffee Shop,,0.9183419817916292
8 o'clock cafe,26.340447,50.154904,Coffee Shop,,0.3803975183585537
جوفريز,26.312644,50.178219,Coffee Shop,7.1,0.9532231177067796
godiva,26.32838,50.180226,Coffee Shop,6.7,0.8658862163618816
liwan café (قهوة الليوان),26.323405,50.168954,Coffee Shop,,0.9512302119499142
el león cafe,26.327535,50.180389,Coffee Shop,,0.4589072860133111
حلونجي السلطان,26.322614,50.159148,Coffee Shop,,0.7994058884724816
ديب ان ديب,26.350213,50.17892,Coffee Shop,,0.936394991144393
sharq coffee roasters (مقهى ومحمصة شرق),26.308906,50.129648,Coffee Shop,8.9,0.9888406695598264
starbucks (ستاربكس),26.31102,50.132454,Coffee Shop,8.1,0.9233312667906592
joffrey's,26.31194,50.131266,Coffee Shop,8.1,0.991320520768754
caffé bene (بيني كوفي),26.30744,50.168602,Coffee Shop,7.7,0.8614617149016708
seattle's best coffee,26.309109,50.128939,Coffee Shop,7.4,0.8648481091134532
take off,26.314222,50.147741,Coffee Shop,,0.7820588509461517
royal waltz cafe,26.314281,50.146071,Coffee Shop,,0.5788977617582782
joffrey's cafe,26.309998,50.149738,Coffee Shop,,0.3606044599115475
starbucks (ستاربكس),26.328694,50.109358,Coffee Shop,8.1,0.9296882171408488
positive truck,26.335723,50.121961,Coffee Shop,,0.0219991921200633
maskob (مسكوب),26.335135,50.122382,Coffee Shop,,0.9453127427523847
espressolab,26.334875,50.121621,Coffee Shop,,0.935556038902526
barncafe,26.354115,50.178722,Coffee Shop,,0.9449605899595024
مقلط الفريج,26.391077,50.092729,Coffee Shop,7.3,0.9045355208236232
starbucks (ستاربكس),26.305252,50.129422,Coffee Shop,9.4,0.9989667286629468
shrq coffee roasters - kings park branch,26.305041,50.130629,Coffee Shop,8.9,0.9935937177102708
ستاربكس,26.310076,50.136838,Coffee Shop,7.9,0.2839429634221946
costa (كوستا ارامكو),26.309062,50.128656,Coffee Shop,7.2,0.847489150650961
costa cafe (كوستا كوفي),26.309297,50.131489,Coffee Shop,6.6,0.9125852448853068
illy coffee,26.300468,50.147992,Coffee Shop,7.1,0.1268857201901219
joffrey's,26.313944,50.121536,Coffee Shop,,0.8768340566232693
scratch cafe,26.308785,50.128138,Coffee Shop,,0.1950816284356272
üshk,26.309125,50.129112,Coffee Shop,,0.3864434800578632
um rashid cafe,26.308729,50.125299,Coffee Shop,,0.4112419921471378
olabs coffee truck,26.308777,50.12946,Coffee Shop,,0.8600950609630089
dose (دوز),26.311296,50.132384,Coffee Shop,,0.9894606323620584
joffrey's (جوفريز),26.316734,50.119307,Coffee Shop,,0.8716676999380037
lark,26.304837,50.129709,Coffee Shop,,0.8210374044224014
caffe’ vergnano,26.323209,50.133677,Coffee Shop,,0.532548047117173
ستاربكس,26.300505,50.120509,Coffee Shop,,0.8993593717710271
cinnzeo,26.311867,50.145347,Coffee Shop,,0.0485970854177671
lacafe,26.308154,50.144939,Coffee Shop,,0.4918371564372804
joffrey's (جوفريز),26.322422,50.109356,Coffee Shop,,0.0932010746021905
forte (فورتيه),26.308296,50.177649,Coffee Shop,8.1,0.8906533973402855
mammaroti (مآمآ روتي),26.305765,50.167921,Coffee Shop,7.1,0.2636150558389631
cafe jamoca,26.305367,50.145817,Coffee Shop,,0.5391609836743129
كوستا كوفي,26.303553,50.168738,Coffee Shop,6.9,0.9574220071945152
ستاربكس,26.302494,50.146041,Coffee Shop,,0.1074602190535234
sagafrado coffe,26.30437,50.170826,Coffee Shop,6.0,0.868819172004061
starbucks (ستاربكس),26.264333,50.067991,Coffee Shop,7.7,0.3422291850296078
rovingo,26.265446,50.070539,Coffee Shop,,0.9862302594803676
accelent cafe,26.275405,50.071502,Coffee Shop,,0.5108497258967192
ديوانية الشيوخ للقهوة العربي,26.284161,50.060261,Coffee Shop,,0.1370697091284669
