Business ID,POI Name,POI Latitude,POI Longitude,Category,Rating,Popularity
2,T.Fex (تي فكس),26.430551,50.133611,Comfort Food Restaurant,8.7,0.9820194926928296
8,هرفي,26.415718,50.116699,Fast Food Restaurant,7.9,0.984536349
11,Al Saihati Restaurant,26.403173,50.159621,Diner,6.6,0.5674631534246859
12,Mishwar (مشوار),26.415625,50.116605,Middle Eastern Restaurant,6.9,0.9588913401485256
13,هرفي,26.415074,50.170322,Fast Food Restaurant,6.4,0.988689681
14,Driver’s Hotel - Modan Alam Restaurant,26.415157,50.15032,Pakistani Restaurant,,0.955732322
15,Turkistani Bukhari Restaurant,26.416044,50.172963,Turkish Restaurant,6.2,0.952832241
16,مشويات كل الناس,26.416041,50.138379,Fish and Chips Shop,,0.42561808
19,Soour Bukhari Restaurant,26.418667,50.161456,Middle Eastern Restaurant,,0.9608696102497176
20,ببك,26.393853,50.151787,BBQ Joint,,0.8822152482159318
21,برجر ستوب,26.41934,50.128816,Burger Joint,,0.9209209831277384
22,Mas Restaurant,26.416508,50.124358,Bistro,,0.9174305275041688
24,سبد,26.419013,50.123047,Diner,,0.5864690468052491
25,Leopardo Central Kitchen,26.388373,50.144261,Restaurant,,0.8686677231250454
27,Shawayat Sahari,26.415074,50.170322,Middle Eastern Restaurant,,0.8472899771100685
31,مكبوس سمك,26.41386,50.120323,Seafood Restaurant,,0.4024277827838714
32,جوهرة الإسكان,26.414306,50.11991,Afghan Restaurant,,0.2293343276471014
33,ع الخفيف,26.41429,50.119737,Diner,,0.054324747
35,كودو,26.414152,50.119596,Fast Food Restaurant,,0.8864721540357746
36,Sama Deeraty,26.414366,50.118002,Restaurant,,0.95969922
37,سماء ديرتي,26.414289,50.118081,Kebab Restaurant,,0.904359444
38,Payless Shoesource,26.402128,50.118861,Restaurant,,0.952645807
39,Dirwazat Albait,26.414,50.174454,Restaurant,,0.774611855
41,بروستد و مشويات عافية,26.415256,50.116465,Middle Eastern Restaurant,,0.8844317393240738
42,مشوار,26.415381,50.116533,Mediterranean Restaurant,,0.065469347
43,The Pizza Company,26.41581,50.11632,Bar,,0.8903044050171416
46,الطازج,26.401251,50.114717,Fried Chicken Joint,8.8,0.9919004857637056
47,Saladay (سالاداي),26.375968,50.122288,Salad Restaurant,8.8,0.9593056375519168
48,Kudu (كودو),26.400379,50.11498,Fast Food Restaurant,8.4,0.979274772
49,Herfy (هرفي),26.400157,50.115595,Fast Food Restaurant,8.1,0.9821955690892707
51,Come To Momma,26.371325,50.139569,Restaurant,8.3,0.9880060901718298
52,Burger King (برجر كنق),26.400356,50.11501,Fast Food Restaurant,7.4,0.9745621394317912
53,Jasmis (جسميز),26.400556,50.114898,American Restaurant,7.1,0.9246496597582574
54,McDonald's (ماكدونالدز),26.400281,50.116745,Burger Joint,6.9,0.9330806119172648
55,Dawg&Co,26.385865,50.126185,Fast Food Restaurant,,0.8815213000652519
56,Patatia (بطاطيا),26.400251,50.117581,Salad Restaurant,,0.8589731638856953
58,Vanelli's,26.400359,50.117375,Italian Restaurant,,0.6279402168846907
59,Okashi,26.400251,50.117345,Sushi Restaurant,,0.8809723560057587
60,Lucas,26.400634,50.11722,Italian Restaurant,,0.467710696
61,شاورماريتو,26.400128,50.116904,Shawarma Restaurant,,0.7785476804524127
62,دجاج كنتاكى,26.402866,50.115303,Fried Chicken Joint,,0.8777201213891392
63,Herfy (هرفي),26.400266,50.117281,Fast Food Restaurant,6.2,0.9659033237009188
64,Popeyes Louisiana Kitchen,26.40672,50.113451,Fried Chicken Joint,,0.898590353
67,Madhina (ماضينا),26.376841,50.121799,Middle Eastern Restaurant,,0.9389014904349088
69,Anjik,26.407504,50.188828,Turkish Restaurant,8.2,0.99835608
71,Le Relais de L’entercote,26.41252,50.20686,French Restaurant,8,0.9610904021033988
72,الروشن الشرقي,26.405798,50.185761,Restaurant,7.5,0.9487746566026616
73,In Between (إن بتوين),26.388568,50.17853,Burger Joint,8,0.961874281
74,Saranouva (سارانوڤا),26.388491,50.178137,Burger Joint,7.7,0.8736392919657376
76,Burger Nook Restaurant,26.404019,50.194973,Burger Joint,,0.1348468786785528
79,نبراس للمأكولات البحرية,26.407536,50.188791,Fish and Chips Shop,,0.5645636876106945
80,Tasty Elements,26.40506,50.184537,Comfort Food Restaurant,,0.9548807536526428
82,Burger King (برجر كنج),26.388675,50.178325,Burger Joint,6,0.8994500201969984
83,لوروليه دو لانتركوت,26.412535,50.206796,French Restaurant,,0.9624953062763626
84,Meeting Restaurant,26.393292,50.191055,Falafel Restaurant,,0.5213459798885315
85,حارة J,26.399875,50.209174,Japanese Curry Restaurant,,0.9833965292084808
86,بدون زيت,26.413856,50.206804,Pizzeria,,0.5420514247606439
87,Kudu (كودو),26.404981,50.180362,Fast Food Restaurant,,0.4314817889885084
90,UOD Restaurant,26.391906,50.185629,Diner,,0.711372369
91,بوفيّة النورس,26.40873,50.178432,Buffet,,0.9864041260741484
92,Hardee's (هارديز),26.390891,50.183887,Burger Joint,,0.9742776437259214
94,صب واي,26.386651,50.185947,Deli,,0.7806785403400655
95,I Wish Burger,26.400248,50.173287,Burger Joint,,0.7549948730696331
96,2Q Burger,26.412265,50.173881,Burger Joint,,0.3949082849123243
97,Q2 Food Truck,26.41258,50.173697,Burger Joint,,0.5891412650571213
98,Rawabi Al Sham (روابي الشام),26.384976,50.185973,Syrian Restaurant,,0.508622671
99,Canton,26.388644,50.178215,Cantonese Restaurant,,0.5999440698505422
100,Tako Hut,26.388598,50.178168,Mexican Restaurant,,0.2584180053651513
101,ش.م.ل,26.388337,50.178296,Lebanese Restaurant,,0.6228340013878964
102,كودو,26.386339,50.178316,Fast Food Restaurant,,0.9939616153455758
103,كودو,26.386242,50.178041,Fast Food Restaurant,,0.8843074501030564
104,شواية صحاري,26.414951,50.170118,Restaurant,,0.963210391
105,هرفي,26.415228,50.169927,Fast Food Restaurant,,0.080497985
106,Ruchi Restaurant,26.441967,50.063013,Indian Restaurant,8.7,0.9897668541362415
107,McDonald's (ماكدونالدز),26.441231,50.065103,Burger Joint,8.5,0.9819677055174056
108,سد مأرب,26.441548,50.074966,Restaurant,8.7,0.9967891951237196
109,Pickles (بيكلز),26.455948,50.061864,Burger Joint,8.9,0.9646293591854912
110,مطاعم أبو هلال,26.423773,50.080134,Falafel Restaurant,9.1,0.9919729878092988
111,بروستد الطازج,26.434498,50.08553,Fried Chicken Joint,9.2,0.9946555634962558
114,Alrazi Broasted (بروستد الرازي),26.420721,50.073482,Fried Chicken Joint,8.7,0.9850749360428384
115,سد مأرب | مأكولات يمنية,26.44147,50.073862,Halal Restaurant,8.1,0.9885861065365772
116,Shawati Alkhleej (شواطئ الخليج),26.433173,50.08292,Middle Eastern Restaurant,8.6,0.9578245243347936
117,Ensalada (انشلادا),26.452611,50.080629,Salad Restaurant,8.9,0.987073921
119,نجم سهيل | مأكولات شعبية,26.441254,50.07309,Restaurant,8,0.9802587287284176
121,Raising Cane’s,26.462107,50.068528,Fried Chicken Joint,9.1,0.9852613698743644
122,Al Kapsa Al Hasaweyah (الكبسة الحساوية لفانا),26.416619,50.051179,Restaurant,8.5,0.974935007
123,حاشي باشا,26.433256,50.044766,Halal Restaurant,8,0.9728013754673792
125,Al Ennabi Gril (المَشوَى العنَّابي),26.45923,50.050927,Kebab Restaurant,8.6,0.9977275442781488
128,مندي الاحساء,26.462912,50.055936,Caribbean Restaurant,8.6,0.9723663631938186
129,البراحة للكباب العراقي,26.422956,50.078515,Iraqi Restaurant,8.1,0.994230909
130,تكة عراد,26.433862,50.080075,BBQ Joint,7.9,0.96805767
132,KFC (دجاج كنتاكي),26.430635,50.067014,Fried Chicken Joint,7.4,0.9821437819138468
135,Jimmy's Killer Prawns,26.454334,50.080648,Seafood Restaurant,7.8,0.973878549
136,McDonald's (ماكدونالدز),26.415124,50.076856,Burger Joint,7.8,0.9959295280116832
137,Tikka O Reyash (تكّة و ريش),26.449672,50.078267,Kebab Restaurant,7.6,0.9881303793928472
138,Mcdonald's (ماكدونالدز),26.434424,50.085379,Burger Joint,7.6,0.9965716889869392
142,Popeyes Louisiana Kitchen (بوبايز),26.426829,50.035626,Fried Chicken Joint,7.5,0.9857792416286032
144,Burgerizzr,26.463425,50.062849,Burger Joint,7.5,0.9661829744482076
147,معجنات و مشويات فاكهة لبنان,26.438894,50.082831,Lebanese Restaurant,7.3,0.962008928
149,معجنات شهد الشام,26.412255,50.054938,Middle Eastern Restaurant,7.3,0.97124776
153,الرواق الشعبي أكل الطيبين,26.414148,50.068765,Mediterranean Restaurant,7.2,0.9626718039544688
154,شاورمرShawarmer,26.434004,50.08424,Shawarma Restaurant,7,0.9481713948357828
155,شلال مرمريز,26.422802,50.037995,Middle Eastern Restaurant,7,0.9901293643642088
157,Al Sayyad Al Bahry Seafood (دروازة الصياد البحري),26.456557,50.092375,Seafood Restaurant,8.8,0.9785704668095992
158,Hashim Restaurants (مطاعم هاشم),26.43741,50.092279,Falafel Restaurant,7.9,0.9734849661829744
159,Chef's Place (مكان الطاهي),26.424842,50.097261,Syrian Restaurant,8.1,0.9514961314979958
160,Atlas (اطلس),26.42317,50.093078,Middle Eastern Restaurant,7.8,0.990719738
162,Hardee's (هارديز),26.422831,50.092339,Burger Joint,7.7,0.9794197764865508
164,Bait Al Robyan,26.459183,50.086768,Seafood Restaurant,7.7,0.9701913018260158
165,Paragon Restaurant,26.443518,50.094869,Indian Restaurant,7.3,0.9706159566644916
166,كودو,26.430658,50.067063,Fast Food Restaurant,6.4,0.9807662430475717
167,مطابخ و مطاعم الفاخرة,26.431515,50.043153,Middle Eastern Restaurant,6.7,0.979595853
168,KFC (KFC | كنتاكي),26.422677,50.092024,Fried Chicken Joint,6.5,0.968109457
169,مطاعم فريج السلطان,26.459133,50.081275,Middle Eastern Restaurant,6.6,0.9810458937948606
170,هرفي,26.414213,50.071353,Fast Food Restaurant,7.5,0.9733025832570849
173,Alasr Albukhari (العصر البخاري),26.441062,50.081962,Middle Eastern Restaurant,,0.9846502812043626
174,Saf Saf Restaurant,26.44206,50.063818,Middle Eastern Restaurant,,0.9712684750748324
175,صب واي,26.440625,50.059519,Deli,,0.9864939046494526
176,McDonald's (ماكدونالدز),26.423129,50.029497,Fast Food Restaurant,8.4,0.997141348
177,Ozi Burger (أوزي برجر),26.4208,50.025552,Burger Joint,8.8,0.9880578773472536
178,Just Fresh Burger (جست فريش برجر),26.421017,50.026561,Burger Joint,8.7,0.9938787558648976
179,البحرين الرفاع,26.44339,50.02834,Arepa Restaurant,8.3,0.9979015635650744
180,Abu Hilal Restaurants (مطاعم ابو هلال),26.411304,50.033397,Middle Eastern Restaurant,8.8,0.9938269686894736
182,Hamour Al Khaleej (هامور الخليج),26.413809,50.031608,Seafood Restaurant,8.3,0.9731949580006009
183,الصاج اللبناني,26.416775,50.029579,Middle Eastern Restaurant,8.1,0.9847331406850408
184,كودو,26.420817,50.023438,Fast Food Restaurant,8.1,0.9988609854891888
186,Abu Nawas (أبو نواس),26.41533,50.030554,Fast Food Restaurant,7.8,0.990947602
188,Mishwar Restaurant,26.416514,50.029708,Restaurant,7.7,0.9840391925343608
189,دجاج كنتاكى,26.420602,50.02297,Fried Chicken Joint,7.6,0.9995732481101997
190,Sama Deeraty Rest (مطاعم سما ديرتي),26.409859,50.034371,Middle Eastern Restaurant,7,0.9727392308568706
191,مطاعم هاشم,26.410952,50.033444,Falafel Restaurant,7,0.9728945923831422
192,شيوخ القوافل للأكلات الشعبية,26.459183,50.049932,Middle Eastern Restaurant,6.9,0.9977013065061658
193,Hardee's (هارديز),26.420427,50.022807,Burger Joint,6.9,0.9986932775188992
194,Arwana (اروانا),26.420211,50.033705,Fish and Chips Shop,6.6,0.9932883820650654
195,Herfy (هرفي),26.414315,50.030704,Fast Food Restaurant,6.3,0.982371645
197,أسماك الشرقية,26.421244,50.034913,Fish and Chips Shop,,0.9620710727195516
199,Akleel Al Wadi,26.425199,50.024506,Turkish Restaurant,,0.9998795760067664
203,شواية الخليج,26.424495,50.114444,Middle Eastern Restaurant,8.8,0.9982288786005034
204,Subway (صب واي),26.44767,50.118097,Deli,8.9,0.9859449605899596
205,Al-Tazaj (الطازج),26.458485,50.090504,Fast Food Restaurant,8.7,0.9879750178665756
206,البيك,26.457044,50.108642,Fast Food Restaurant,8.8,0.9936923220333715
207,CHUCK E. CHEESE'S (تشكي تشيز),26.457662,50.112977,Bar,9,0.9715481258221214
208,Fatté w Snobar (فتة و صنوبر),26.455299,50.096851,Lebanese Restaurant,8.2,0.9833038146433416
209,Shajarat Aldurr (شجرة الدر),26.456657,50.100876,Egyptian Restaurant,8.3,0.9811391107106237
210,McDonald's (ماكدونالدز),26.415665,50.109081,Burger Joint,8.4,0.9985810313933856
213,Oriental Flavors (نكهات الشرق),26.459345,50.093777,Indian Restaurant,8.1,0.9866492661757242
214,McDonald's (ماكدونالدز),26.442657,50.118353,Burger Joint,8.1,0.997783509
215,T.G.I. Friday's (فرايديز),26.454911,50.115537,American Restaurant,8,0.9790572662585836
216,McDonald's (ماكدونالدز),26.459335,50.091878,Burger Joint,7.8,0.9982495934706728
217,Ra3eha (راعيها),26.420253,50.115799,Seafood Restaurant,7.8,0.9749867942702668
219,شاورمات,26.455007,50.096395,Burrito Restaurant,7.5,0.977058281
220,تشك بوكس,26.461925,50.09232,Burger Joint,7.7,0.985831029
221,Be Healthy,26.440646,50.123557,Salad Restaurant,7.7,0.9887725403681032
222,Subway (صب واي),26.413364,50.110016,Deli,7.5,0.9915483329708232
223,&SALAD (اند سالاد),26.411042,50.109225,Salad Restaurant,9.5,0.9992439072388114
224,Al Baik (البيك),26.412991,50.110614,Fast Food Restaurant,8.9,0.9968409822991434
225,Hardee's (هارديز),26.40953,50.108575,Burger Joint,7.8,0.9943034107033736
227,Pastel (باستيل),26.452593,50.123663,Restaurant,8.8,0.980745528
228,Burger Site (برجر سايت),26.464032,50.121594,Burger Joint,9.2,0.9883168132243731
229,Balcony (بالكوني),26.453975,50.12034,Mediterranean Restaurant,8.4,0.9687101886088928
230,كودو,26.465447,50.092515,Fast Food Restaurant,8.4,0.9874675035474216
231,هارديز,26.454236,50.119029,Burger Joint,8.2,0.9935576753772696
232,ShrimpNation,26.451397,50.130249,Seafood Restaurant,8.7,0.990812955
234,McDonald's (ماكدونالدز),26.462229,50.113844,Burger Joint,8.1,0.9982599509057576
235,كودو,26.471015,50.092584,Fast Food Restaurant,8.3,0.9869807040984372
237,كودو,26.437574,50.129099,Fast Food Restaurant,8.1,0.9926047913494702
239,View Cafe,26.451949,50.126317,Café,8,0.9710509689380522
240,Chilis (تشيليز),26.45155,50.128907,American Restaurant,8.1,0.979544066
244,Herfy (هرفي),26.419561,50.019956,Fast Food Restaurant,8,0.999387497
245,حدائق لبنان,26.437807,50.056414,Burger Joint,,0.9741064122880608
247,ورق عنب ستيشن,26.462521,50.049464,Mediterranean Restaurant,8.8,0.999273282
248,Lemons,26.463874,50.048869,Restaurant,8.8,0.9976263087233976
249,يزن,26.471298,50.058872,Restaurant,8.6,0.9747382158282324
250,ماكدونالدز,26.468884,50.060044,Burger Joint,8.1,0.9950180737242228
251,مطاعم باب بوخوخة,26.459248,50.09125,Middle Eastern Restaurant,8,0.95251116
253,La Casa Pasta,26.468377,50.060237,Italian Restaurant,7.7,0.9732156728707704
254,السلطان ابراهيم للأسماك,26.436366,50.094448,Fish and Chips Shop,7.5,0.9461413375591669
257,FreshHouse (فريش هاوس),26.477972,50.132532,Salad Restaurant,8.9,0.9904297299816672
258,Al Ennabi Grill (المشوي العنابي),26.462479,50.122063,BBQ Joint,8.6,0.9705848843592372
260,Beach Park Restaurant,26.466339,50.122998,Seafood Restaurant,8.1,0.9575759458927592
262,ي مال الطيب,26.456454,50.102589,Seafood Restaurant,8.6,0.9639561259049808
263,Lghawees (لغاويص),26.463786,50.121659,Shawarma Restaurant,7.8,0.9647122186661696
264,شورما القص العراقي,26.468002,50.096458,Shawarma Restaurant,8.1,0.9469388600606946
266,Sour (ساور),26.465048,50.122865,Mediterranean Restaurant,7.6,0.9724595801095816
267,The Best Jaizany Potato (ابوموضي ( بطاطس جيزاني )),26.458649,50.111994,Fast Food Restaurant,7.8,0.9624646552527732
268,برجر كنج,26.462479,50.122063,Burger Joint,7.6,0.9781043822307844
270,Heritage Village (القرية الشعبية),26.491727,50.120862,Middle Eastern Restaurant,7.6,0.9989915126788116
271,فرايديز,26.450223,50.119199,American Restaurant,7.9,0.9665040549358356
272,المذاق العثماني,26.471801,50.131322,Turkish Restaurant,7.4,0.978632611
273,دجاج كنتاكى (كنتاكي),26.454282,50.119312,Fried Chicken Joint,7.7,0.9948937845032056
275,Slider Code,26.457206,50.096821,Burger Joint,7.7,0.9631068162280292
276,Deep Fries,26.451483,50.12892,Fried Chicken Joint,7.7,0.9860692498109768
277,Maïs Al Qamar (ميس القمر),26.470861,50.092507,Turkish Restaurant,7.4,0.9792126277848554
278,لافانا,26.45373,50.121351,Iraqi Restaurant,7.1,0.9695284259805902
279,سماء ديرتي للمثلوثة,26.459174,50.095118,Middle Eastern Restaurant,7.1,0.9614703414846348
281,Melenzane,26.496993,50.13434,Italian Restaurant,7.1,0.9919530967378508
282,Da Vinci Italian Restaurant,26.452761,50.120601,Pizzeria,7,0.9277776051538597
284,مطاعم ومحانذ بن عواض,26.367828,50.03674,Middle Eastern Restaurant,8.1,0.9926669359599788
286,رانش برجر,26.371054,50.047477,Social Club,8.1,0.9790779811287532
287,Paul (پول),26.389989,50.037339,French Restaurant,9,0.9964059700255828
288,88 Port Burger,26.369885,50.057553,Burger Joint,8.8,0.9964163274606676
289,SALT (سولت),26.390729,50.037699,Burger Joint,8.9,0.9976074324954168
290,Tag (تاغ),26.381004,50.056568,Kebab Restaurant,8.9,0.99802173
291,Rayiq (رايق),26.37804,50.059778,Shawarma Restaurant,8.9,0.9995132005510156
292,Tea Time,26.37655,50.061178,Restaurant,9,0.9962713233694808
293,ALBAIK (البيك),26.395639,50.041035,Fast Food Restaurant,9.1,0.9981356616847404
294,McDonald’s (ماكدونالدز),26.380331,50.011447,Burger Joint,8.9,0.9999721589500004
295,Kalzbrgr,26.380436,50.057724,Burger Joint,8.5,0.9801655118126548
296,مطاعم أبو هلال,26.358499,50.063461,Yemeni Restaurant,9,0.9939201856052368
297,McDonald's,26.349621,50.051556,Fast Food Restaurant,8.7,0.999119618
298,Marsa (مرسى),26.39266,50.046636,Seafood Restaurant,8.6,0.9883789578348816
299,Hardee's (هارديز),26.381879,50.05604,Burger Joint,8.3,0.9876642948140324
300,بحريات خليجي,26.382202,50.055422,Seafood Restaurant,8.3,0.9781872417114624
303,Shawarmer (شاورمر),26.379944,50.057617,Doner Restaurant,8.2,0.9664108380200728
304,Nando's,26.391511,50.03739,Portuguese Restaurant,8.1,0.9936508922930326
305,سما ديرتي,26.370484,50.056507,Middle Eastern Restaurant,7.9,0.978767258
306,لحظة,26.377211,50.060589,Shawarma Restaurant,8,0.9930708759282852
307,Hashim Restaurant (مطاعم هاشم),26.376595,50.060515,Falafel Restaurant,8,0.9852095826989404
308,Allahib Broasted (بروستد اللاهب),26.381942,50.056497,Fried Chicken Joint,7.9,0.9784151052833276
309,وادي الدور للاكلات الشعبية,26.369314,50.066344,Arepa Restaurant,8.2,0.9942516235279496
310,Kiin (كين),26.379729,50.057793,Fried Chicken Joint,7.9,0.989746139
311,المشوى العنابي,26.347159,50.048865,BBQ Joint,8.1,0.9787569006411252
312,Sushi Library (سوشي لايبرري),26.391611,50.03671,Sushi Restaurant,7.9,0.9954530859977836
313,ماكدونالدز,26.35026,50.018413,Burger Joint,8,0.999905279
315,سماء ديرتي,26.370422,50.05676,Middle Eastern Restaurant,7.5,0.9680680276336368
316,كبدة حجازي,26.381983,50.056388,Middle Eastern Restaurant,7.6,0.9881718091331864
317,Snack House (سناك هاوس),26.377902,50.059874,Burger Joint,7.5,0.980849103
318,Senjar Al Iraqi (سنجار العراقي),26.378869,50.058493,Iraqi Restaurant,7.4,0.9755046660245056
319,ماكدونالدز,26.370113,50.06566,Burger Joint,7.5,0.9870532061440304
320,Burger Site - Agile,26.381785,50.047388,Armenian Restaurant,7.1,0.9914654734901448
322,دجاج كنتاكى,26.381879,50.05604,Fried Chicken Joint,7,0.9958673834011744
324,تثليث للبخاري,26.349552,50.047361,Middle Eastern Restaurant,6.6,0.9874778609825065
328,فلفلة,26.350558,50.050824,Egyptian Restaurant,6.4,0.9694248516297423
331,بروستد الهنا,26.375218,50.045015,Fried Chicken Joint,,0.9820402075629991
333,Dolma,26.436182,50.047664,Restaurant,8.6,0.938891133
334,Q Burger,26.418543,50.017974,Burger Joint,7.6,0.9990347502875404
335,برجر كنج,26.426367,50.035393,Burger Joint,6.7,0.9602378067095464
337,ABU NAWAS (أبو نواس),26.409182,50.023592,Restaurant,7.1,0.9782493863219712
340,مطبخ المعازيم,26.432239,50.043731,Middle Eastern Restaurant,,0.9671255010409222
341,مشويات زمان التكة,26.426081,50.024194,Kebab Restaurant,,0.9983525427671228
342,Qasr AlRatem,26.421485,50.025014,Middle Eastern Restaurant,,0.9988146685687144
343,Abu Helal (أبو هلال),26.420871,50.023727,Yemeni Restaurant,,0.9997366297747304
344,Abu Nawas,26.416516,50.031603,Middle Eastern Restaurant,,0.9509161151332484
345,كريتفل للأكل الصحي,26.41955,50.022267,Restaurant,,0.99972701
346,مشويات الرافدين,26.415947,50.031812,Middle Eastern Restaurant,,0.9659136811360036
349,Weber Burger (ويبر برجر),26.401793,50.105026,Burger Joint,9.4,0.99515272
353,Nutria,26.395303,50.104748,Health Food Store,9,0.9793783467462116
354,AlMedhyaf (المضياف),26.401351,50.104879,Middle Eastern Restaurant,8.3,0.9812944722368953
355,Zad Alsultan (زاد السلطان),26.392588,50.104756,Middle Eastern Restaurant,9.3,0.993402314
359,مشويات كل الناس,26.416007,50.113605,Middle Eastern Restaurant,7.8,0.9802690861635024
360,Meltzone (ميلتزون),26.39515,50.104671,Burger Joint,8.2,0.9766646987540004
363,بروستد اللاهب,26.405322,50.083349,Fast Food Restaurant,8.3,0.9748107178738256
364,Lghawees (لغاويض),26.401452,50.104936,Middle Eastern Restaurant,7.7,0.9789847642129904
365,سناعة أمي لطيفة,26.400961,50.104203,Bistro,7.7,0.9783322458026494
366,Kudu (كودو),26.402957,50.100955,Fast Food Restaurant,7.6,0.9821644967840164
367,Kudu (كودو),26.402892,50.101009,Fast Food Restaurant,7.5,0.9868564148774196
368,KFC (كنتاكي),26.409576,50.108794,Fried Chicken Joint,7.1,0.9967270505132108
369,Herfy (هرفي),26.401023,50.104896,Fast Food Restaurant,7.3,0.9919626303742142
370,Mama's Chapati (ماماز شباتي),26.417618,50.091998,Indian Restaurant,7.2,0.9650540140239672
371,COSZ Burger (كوسز برجر),26.375895,50.122334,Burger Joint,8.2,0.9222570922536742
372,مايسترو,26.376749,50.176732,Pizzeria,7.2,0.612787289
373,McDonald's (ماكدونالدز),26.355893,50.139848,Burger Joint,7,0.9189219981563764
374,دجاج فرّي,26.37487,50.118533,Fried Chicken Joint,7,0.87158852
375,Chilis Cornich Khobar,26.357077,50.140423,Mexican Restaurant,6.5,0.9054055453707444
377,Yoyo Sandwich,26.38861,50.149443,Sandwich Spot,,0.7097018094439093
382,The Cove Burger T.C.B,26.391627,50.136056,Burger Joint,,0.5217350775254016
385,Sandella's Flatbread,26.384166,50.167752,Sandwich Spot,,0.7224310971630985
387,Fudruckers,26.37447,50.170005,American Restaurant,,0.8761043615159142
389,Army Burger,26.384177,50.125247,Burger Joint,,0.8989321484427596
390,Majestic Restaurant,26.3953,50.134439,Fast Food Restaurant,,0.8483153631834612
391,Razan,26.370219,50.125612,Wings Joint,,0.6081057286973454
392,مشويات الشامي,26.370618,50.12468,BBQ Joint,,0.9075081046929538
394,Tornado taste,26.372247,50.123896,Fast Food Restaurant,,0.9202166775419736
398,Al Shami Resturant (مشويات الرواق الشامي),26.372323,50.123817,Moroccan Restaurant,,0.9865560492599612
400,مطاعم كواتم النزهة البخاري,26.372554,50.123342,Afghan Restaurant,,0.952034718
401,Hindian,26.373551,50.174264,Indian Restaurant,,0.1998984971361692
402,Al-Rakkah Modern Restaurant,26.371661,50.174702,Restaurant,,0.9844845622430062
404,برجر كنج,26.378039,50.120419,Burger Joint,,0.9163119245150132
405,Turkish Ocakbaşı Cafer Ustanın Yeri,26.401899,50.139974,Turkish Restaurant,,0.8441931040197206
406,Abdullah Bukkhari Restaurant,26.40216,50.13961,Afghan Restaurant,,0.048752447
408,Farooj Ryan,26.375247,50.11833,Fried Chicken Joint,,0.6708303555707464
409,Restaurant,26.372395,50.118772,Greek Restaurant,,0.081109074
412,احلى ترويقة,26.401894,50.026825,Sandwich Spot,8,0.9750592963158604
413,Raydan,26.418773,50.028221,Buffet,7.4,0.9529979595852884
414,Tatbilat Zaman (تتبيلة زمان),26.418543,50.017974,Shawarma Restaurant,7.1,0.9672739400264592
415,Shawarma Site,26.421971,50.026664,Shawarma Restaurant,7.1,0.2499249085956353
417,Hamsa (حَمسة),26.411061,50.005084,Seafood Restaurant,,0.9127593242809352
420,كوخ الكتكوت,26.419927,49.997223,Sandwich Spot,,0.9750061427179558
421,تتبيلة زمان,26.419803,49.997018,Diner,5.4,0.995399788
422,Oriental Chinese Restaurant,26.419542,50.027662,Chinese Restaurant,6.1,0.90865778
425,بروستد كرم,26.406228,50.013652,Fried Chicken Joint,,0.7946742068794084
427,هرفي,26.406583,50.014328,Fast Food Restaurant,,0.9937855389491348
428,شاورمجي,26.41986,50.0037,Shawarma Restaurant,4.9,0.999518966
431,هرفي,26.4193,50.019847,Fast Food Restaurant,,0.9985062029681256
432,Alnadeg (الناضج),26.412178,50.0212,Middle Eastern Restaurant,,0.9557737521880082
435,عالم مضغوط حاشيكم,26.415227,50.02288,Middle Eastern Restaurant,,0.9865767641301308
436,عجين ونار,26.415798,50.024092,Halal Restaurant,,0.9722317165377166
437,شاورما زون,26.415973,50.024752,Middle Eastern Restaurant,,0.9744067779055194
438,Cooking Crown Traditional Cuisine (تاج الطهي للمأكولات الشعبية),26.42506,50.024128,Middle Eastern Restaurant,,0.9945945354431964
439,Spice Best Grill,26.41811,50.02739,Restaurant,,0.2912200022786357
441,Salad & Tacos (سالاد أند تاكوز),26.361825,50.195538,Salad Restaurant,9.2,0.991940639
442,Subway (صب واي),26.361271,50.19403,Deli,9.1,0.986099796
444,Manoosha Alreef (منؤشة الريف),26.362318,50.196353,Bakery,8.7,0.9852976197936903
445,CHUBBY B (تشبي بي),26.358997,50.20766,Burger Joint,8.9,0.986350476
446,SMOKIT (سموكِت),26.361453,50.194175,Burger Joint,8.5,0.993306845
447,Noodlez (نودلز),26.362795,50.197468,Noodle Restaurant,8.4,0.9792687665292104
448,هارديز,26.367147,50.204652,Burger Joint,8,0.9994229217095169
449,Meltzone (ميلتزون),26.362164,50.196984,Fast Food Restaurant,8.1,0.9959515184939148
450,Asado (اسادو),26.359864,50.206786,Argentinian Restaurant,8.2,0.9361142097940665
451,Green Bukhari Restaurant,26.360087,50.192037,Middle Eastern Restaurant,8.1,0.9457027186242684
452,Spot (سبوت),26.359436,50.207363,Burger Joint,8.2,0.900279508
453,كبدة الحجازي,26.381637,50.178402,Middle Eastern Restaurant,8.1,0.9912168950481104
455,Capon (كايبون),26.361945,50.195132,Burger Joint,8,0.9085018111627792
456,Burgerizzr (برغرايززر),26.382528,50.178286,Burger Joint,8,0.9650747288941368
457,SMOG (سموج),26.358532,50.196151,Burger Joint,8.1,0.9668977100384794
458,Wabel Food Truck,26.37915,50.182246,Burger Joint,7.6,0.5260437705206683
459,Hashim (هاشم),26.361924,50.19692,Falafel Restaurant,7.5,0.9881428374465738
460,Habak (حبق),26.366644,50.185413,Lebanese Restaurant,7.5,0.9469077877554404
461,Zad (زاد),26.362072,50.195946,Falafel Restaurant,7.3,0.9941842247095246
462,ماكدونالدز,26.35969,50.196275,Burger Joint,7.3,0.908664753
463,Hamoor Al Khaleej (هامور الخليج),26.362056,50.196009,Seafood Restaurant,7.2,0.9568329092663852
464,مكبوس اكسبرس,26.362953,50.206048,Middle Eastern Restaurant,7.1,0.980146146
465,Herfy (هرفي),26.36154,50.206183,Fast Food Restaurant,7.1,0.972274795
467,Mshawrma (مشاورما),26.364287,50.200325,Shawarma Restaurant,7,0.9689282177907574
468,Maiz Restaurant,26.365733,50.20337,Middle Eastern Restaurant,6.9,0.9803842923931164
470,Hardee's (هارديز),26.382221,50.178367,Burger Joint,6.8,0.9956809495696486
471,Kudu (كودو),26.364333,50.200372,Fast Food Restaurant,6.7,0.9849341338380356
472,دجاج كنتاكي,26.362953,50.206048,Fried Chicken Joint,6.5,0.9880174974618652
473,Al Rakah Modern Restaurant,26.365656,50.203922,Seafood Restaurant,6.4,0.9786922025995513
474,دجاج كنتاكى,26.382436,50.178428,Fried Chicken Joint,5.9,0.9941273343069322
475,Zefoun Restaurant (مطاعم زفون البخاري),26.367577,50.204303,Middle Eastern Restaurant,,0.993292826
479,طلبات خارحية لاشهى المأكولات,26.377324,50.18692,Restaurant,,0.3439807766004826
480,حاشي باشا,26.366087,50.20499,Cambodian Restaurant,,0.9992575041363936
481,Al Maij Turkish Restaurant,26.36584,50.203165,Turkish Restaurant,,0.4523144028176428
483,Salad & more,26.464723,50.03224,Salad Restaurant,8.5,0.9897890022508242
484,Spicy Meal (سبايسي ميل),26.464288,50.031459,Fast Food Restaurant,8.4,0.9941385682650968
487,Nutrition Energy \ Diet Restaurant,26.468039,50.043561,Restaurant,8.4,0.998861622
488,ماكدونالدز,26.438895,50.039305,Burger Joint,7,0.9880159040089458
489,Hardee's (هارديز),26.456628,50.033842,Burger Joint,6.7,0.9853982599852728
490,Acetaria (اشتاريا),26.468586,50.045017,Salad Restaurant,6.6,0.9913480756019386
492,زعيم المشاوي,26.46469,50.033367,BBQ Joint,,0.9950183607143952
493,صائغ البرجر,26.465383,50.033836,Burger Joint,,0.993804425
495,حمسة,26.467233,50.039999,Seafood Restaurant,,0.9966969927975916
497,3bood Burger,26.473062,50.035892,Burger Joint,,0.3174331926138763
499,sandwichoice (اختيار الساندويتش),26.470529,50.041362,Middle Eastern Restaurant,,0.7749246554765495
500,باب البرجر,26.468732,50.044267,Burger Joint,,0.9964161646561434
502,فوميرو,26.468602,50.045079,Pizzeria,,0.9916042438005628
506,مضغوط تهامه,26.399383,50.044841,Middle Eastern Restaurant,9,0.992252639
507,يا مال الطيب,26.401821,50.050473,Seafood Restaurant,8.9,0.9933298118054044
509,Al-Tazaj (الطازج),26.404737,50.055163,Fried Chicken Joint,8.8,0.9945727040155776
510,Mama Noura (ماما نوره),26.404527,50.056288,Shawarma Restaurant,8.8,0.9993371241545744
511,شواية الخليج,26.401344,50.039822,Middle Eastern Restaurant,8.3,0.9983738826916904
512,مأدبة Maddoba - مأكولات خليجية,26.403154,50.039345,Restaurant,8.2,0.9892696972521724
513,لحظة,26.404588,50.038076,Turkish Restaurant,8,0.9944069850542212
515,Mozon (مزون),26.398059,50.047007,Middle Eastern Restaurant,8.5,0.9935783902474392
518,La Casa Pasta (كازا پاستا),26.40383,50.057639,Italian Restaurant,8.5,0.992615149
519,Al Romansiah Restaurants (مطاعم الرومانسية),26.405712,50.061759,Middle Eastern Restaurant,8.5,0.996954914
520,McDonald's (ماكدونالدز),26.404029,50.057861,Burger Joint,8.3,0.9989538990564376
521,McDonald's (ماكدونالدز),26.40451,50.037445,Burger Joint,7.6,0.9968616971693128
522,Hardee's (هارديز),26.399932,50.041617,Burger Joint,7.7,0.9851060083480928
523,Abu Zaid (أبو زيد),26.399686,50.045385,Yemeni Restaurant,7.6,0.9782701011921408
524,دجاج كنتاكى,26.399886,50.04157,Fried Chicken Joint,7.4,0.99321588
525,عريكة الديرة,26.405264,50.03766,Yemeni Restaurant,7.2,0.9865353343897916
526,Burger King (برجر كنج),26.397472,50.044695,Burger Joint,7.4,0.9734642513128048
527,مطاعم صدفة,26.40196,50.039896,Middle Eastern Restaurant,6.5,0.977431149
528,مشويات لؤلؤة الرافدين,26.402129,50.03991,Middle Eastern Restaurant,6.5,0.972076355
529,Q Eat (كيو ايت),26.391003,50.07368,American Restaurant,8.6,0.9953702265171052
530,Al-Ennabi Grill (مشوي العنابي),26.390599,50.06664,Middle Eastern Restaurant,8.4,0.983800972
531,Hardee's (هارديز),26.397129,50.067986,Burger Joint,7.9,0.9912997545287884
532,مسمكة الفريج,26.383939,50.103427,Seafood Restaurant,8.4,0.9668665651638028
533,Brauger (براوجر),26.398212,50.066819,Burger Joint,7.7,0.9962298936291416
534,Herfy (هرفي),26.401578,50.065042,Fast Food Restaurant,7.6,0.9881510942630168
536,Burgerizzer (برغرايززر),26.403145,50.063325,Burger Joint,7.5,0.9855720929269076
537,Kudu (كودو),26.403922,50.057733,Fast Food Restaurant,7.6,0.9760121803436596
541,مطبق ومعصوب ركن الديرة,26.368592,50.066949,Yemeni Restaurant,8.9,0.9918072688479423
544,McDonald’s (ماكدونالدز),26.366274,50.069633,Fast Food Restaurant,8.5,0.9980113724637232
545,Curve Burger (كيرف برجر),26.368577,50.067013,Burger Joint,8.3,0.9851992252638556
546,روائع امواج البحار,26.363308,50.070949,Seafood Restaurant,8.2,0.9871049933194544
547,معجنات فواحة,26.364799,50.070259,Bakery,8,0.9765714818382376
548,بروستد كرم,26.362692,50.070165,Fried Chicken Joint,7.9,0.9897772115713264
551,Hungry Bunny,26.36437,50.071319,Fast Food Restaurant,7.8,0.9953287967767662
553,SD’s Burger,26.364325,50.072219,Burger Joint,7.8,0.9730085241690748
554,Herfy (هرفي),26.359883,50.073924,Fast Food Restaurant,7.7,0.9900672197537002
555,مشويات الرافدين,26.361799,50.069809,Iraqi Restaurant,7.6,0.993764824
556,Pep & Co. (Pep & Co),26.381741,50.103474,Salad Restaurant,9.4,0.9867735553967416
559,Al Mumtaz Restaurant,26.371956,50.086356,Middle Eastern Restaurant,8.6,0.9966441910325328
560,Kishna (كشنة),26.391161,50.073121,Middle Eastern Restaurant,8.2,0.9626303742141296
562,مقلوبة نبيل,26.371388,50.085888,Middle Eastern Restaurant,8.3,0.9887414680628488
563,Al Karak,26.401615,50.105091,North Indian Restaurant,7.4,0.9669597820795658
566,We Burger (وي برجر),26.383271,50.096919,Burger Joint,7.3,0.967042642
568,Little Caesars (ليتل سيزرز),26.402755,50.084914,Pizzeria,7.2,0.955131591
569,Tornado Taste,26.37324,50.104592,Restaurant,7.1,0.9818744886016428
571,Army Burger (ارمي برجر),26.401717,50.065183,Burger Joint,8.6,0.9699220085138116
572,Bombai ryani,26.434707,50.117195,Indian Restaurant,7.3,0.963811122
574,زاوية الكبده,26.424235,50.081078,Restaurant,,0.9737853318004328
576,KFC (كنتاكي),26.402929,50.063027,Fried Chicken Joint,6.3,0.9927290805704876
577,Kudu (كودو),26.44198,50.117822,Sandwich Spot,7,0.9869082020528436
580,Rawabi AlSham (روابي الشام),26.422829,50.107547,Middle Eastern Restaurant,6.9,0.967456939
582,Zushi (زوشي),26.365617,50.09495,Sushi Restaurant,8.6,0.9767164859294244
583,Harmony Food,26.381633,50.10368,Health Food Store,7.8,0.951900071
585,Hanith Omar (حنيذ عمر),26.365544,50.095122,Restaurant,8,0.9890625485504768
586,Grill Shack,26.394043,50.104726,Burger Joint,7.7,0.9712166878994086
587,Subway (صب واي),26.37133,50.089657,Deli,7.6,0.975587526
591,مطبخ رز و سمك,26.383525,50.104423,Fish and Chips Shop,5.6,0.8892997338139184
594,Risk and Rest,26.380618,50.10312,Restaurant,,0.4663020849516825
595,كبدة حاشي,26.380187,50.102997,Halal Restaurant,,0.959937441
596,بوابة البخاري,26.372912,50.100479,Afghan Restaurant,,0.9455095340189956
598,جاوان,26.388182,50.102545,Cajun and Creole Restaurant,,0.1522335808760318
599,أوت بـاك,26.379213,50.097989,Steakhouse,,0.9502532392878228
601,Griddletime Tex-Mex Grill,26.470594,50.045374,Mexican Restaurant,8.9,0.9941065027047682
604,Giada (جيادا),26.470871,50.045419,Mexican Restaurant,8.3,0.996867093
605,Cancun (كانكون),26.478779,50.045578,Mexican Restaurant,8.8,0.9796269251882463
606,Burger Corner (ركن برجر),26.473267,50.040282,Burger Joint,8.1,0.9982659912030936
607,شعبيات باب المراد,26.488758,50.037901,BBQ Joint,9.2,0.9973169796857032
610,معجنات الرضا,26.484696,50.037791,Pizzeria,8.6,0.959754695
611,Unagi (اوناقي),26.485176,50.05113,Japanese Restaurant,8.9,0.9623714383370102
613,Delle Rose (café & Restaurant),26.472966,50.04842,Café,8,0.9616257030109064
614,SubWay (صب وي),26.474497,50.057553,Sandwich Spot,8.4,0.9643289935680328
615,اسكيمو ابو عارف,26.488525,50.034584,Mexican Restaurant,8.5,0.9804522805672672
616,Aldehleez Girll (مشويات الدهليز),26.469858,50.047464,BBQ Joint,7.8,0.9405276077432184
617,شاورما ماضينا,26.478026,50.045837,Fast Food Restaurant,8,0.9591813483308992
619,Kufa (كوفه),26.479818,50.055316,Fast Food Restaurant,8.2,0.977151498
621,ملك الشاورما,26.475512,50.056455,Middle Eastern Restaurant,8,0.9869599892282676
622,Fresh House Health Bar,26.468653,50.060045,Salad Restaurant,8,0.9814187614579124
623,Bar Burger,26.468959,50.045195,Burger Joint,7.4,0.9974490574315816
624,Shawarma King (ملك الشاورما),26.48121,50.045528,Shawarma Restaurant,7.8,0.9814809060684212
625,Zwarah (زوارة للأكلات الشعبية),26.487007,50.041327,BBQ Joint,7.9,0.9666538903794556
627,Frykit (فرايكت),26.467764,50.05935,Fried Chicken Joint,7.7,0.9706677438399156
628,Pi Cuisine,26.466408,50.060284,Italian Restaurant,7.7,0.9414079897254244
633,مشويات تايم,26.486281,50.03743,BBQ Joint,7.4,0.9543886546569568
635,كنعدتي,26.47731,50.036664,Seafood Restaurant,7.1,0.9953597316876066
636,Burger Works,26.488228,50.047226,Metals Supplier,8.9,0.9785358374856268
637,خان الريحان,26.48552,50.052545,Lebanese Restaurant,8.4,0.9761986141751856
639,Muscle Food,26.488081,50.056153,Restaurant,8.1,0.9927175162897662
640,Kushari In Hand,26.490975,50.038973,Restaurant,7.8,0.9290916059793024
641,Anjar | Pastry & Shawarma (عنجر | معجنات و شاورما),26.438419,50.127753,Restaurant,8,0.9766336264487462
642,Danoube Hypermarket (الدانوب هايبرماركت),26.3599,50.188779,Fast Food Restaurant,9.4,0.9951994785856636
643,Enab Beirut (عنب بيروت),26.366715,50.177538,Lebanese Restaurant,8.4,0.9822473562646946
645,Salvaje (سلڤاجي),26.366956,50.177771,Japanese Restaurant,8.2,0.9387150566033828
646,Casa Pasta (كازا باستا),26.35967,50.189253,Italian Restaurant,8.2,0.9930185628517352
647,il Vero (الڤيرو),26.367207,50.177881,Italian Restaurant,7.5,0.9376068110493118
648,Okashi (اوكاشي),26.359563,50.189222,Chinese Restaurant,7.1,0.9712470075078652
649,كبدة حجازي,26.381698,50.17815,Asian Restaurant,,0.063346073
650,Tamu (تامو),26.37297,50.178553,Comfort Food Restaurant,5.8,0.9281504728169117
651,مشويات بلاد الشام,26.372742,50.178458,Kebab Restaurant,,0.995567018
652,Libanais,26.367099,50.177142,Middle Eastern Restaurant,,0.4611544397145491
653,La Comida,26.36649,50.185572,Restaurant,,0.1208505525691617
654,Aldewan,26.365471,50.178396,Middle Eastern Restaurant,,0.7894644170317663
656,Madhina (ماضينا),26.406715,50.107773,Middle Eastern Restaurant,6.2,0.9652300904204084
657,Mcdonald's (ماكدونالدز),26.396644,50.107767,Burger Joint,,0.9450538068752654
658,Lahza (لحظة),26.393812,50.104694,Shawarma Restaurant,,0.9777833017431564
659,Epic Burger,26.400817,50.098384,Burger Joint,8.7,0.96773659
660,PICKUP (بيك أب),26.411133,50.10913,Burger Joint,9.6,0.9632207480139618
663,OLIVA (أوليڤا),26.345423,50.13699,Italian Restaurant,9,0.9930605184932004
666,la Casa Pasta (كازا باستا),26.348335,50.143256,Italian Restaurant,8.4,0.9921697790759096
668,Tokuzō (توكوزو),26.345862,50.145384,Japanese Restaurant,8.5,0.9840495499694456
670,McDonald's (حي القصور),26.346329,50.13681,Burger Joint,8.3,0.978125097
671,Broasted Bawanland (بروستد بوان الارض),26.345807,50.137302,Fried Chicken Joint,8.3,0.9883478855296276
674,Lata'if Attayef (لطائف الطائف),26.345208,50.137873,Dumpling Restaurant,8.2,0.9452505981418762
675,McDonald's (ماكدونالدز),26.348455,50.143078,Burger Joint,8,0.9990885457125398
678,Indian Kitchen (المطبخ الهندي السريع),26.348027,50.143337,Indian Restaurant,7.7,0.877450828
679,Teef Shawarma (شاورما طيف),26.344748,50.138349,Shawarma Restaurant,7.7,0.9929362292721832
681,Herfy (هرفي),26.343765,50.138844,Fast Food Restaurant,7.5,0.983935618
682,مطاعم الوليمة الشرقية,26.345285,50.137794,Middle Eastern Restaurant,7.4,0.990077577
683,KFC (كنتاكي),26.347459,50.144018,Fried Chicken Joint,7.3,0.9922629959916728
684,Just Fresh Burger,26.347152,50.144335,Burger Joint,7.3,0.9075702493034624
685,Bawan Hamburger (بوان الارض برقر),26.348248,50.134827,Burger Joint,7,0.8736289345306528
686,سندباد,26.34471,50.145628,Restaurant,7.2,0.9751007260561996
687,Shawarmer (شاورمر),26.348027,50.143337,Shawarma Restaurant,7,0.966856208
688,Hardee's (هارديز),26.347459,50.144018,Burger Joint,7,0.9514754166278264
690,شاورمجي,26.348258,50.143335,Sandwich Spot,6.8,0.8964049342820744
692,Broccoli,26.34617,50.145303,Italian Restaurant,6,0.7129126143201897
694,Ike,26.349656,50.142554,Indian Restaurant,,0.1026939688655501
695,Seven Burger,26.349798,50.132469,Burger Joint,,0.9498803716247708
696,كنتاكي القصور,26.349164,50.143156,Fried Chicken Joint,,0.88026805
698,Al Qusor Center,26.348145,50.14351,German Restaurant,,0.8212410278718578
699,Shawima Rito,26.348166,50.143478,Mexican Restaurant,,0.6781944919160219
700,بوشاك,26.348056,50.14325,Indian Restaurant,,0.9119100146039836
701,Shawermarito (شاورماريتو),26.348027,50.143337,Shawarma Restaurant,,0.8244932624884773
703,Manoosha Alqusour,26.34772,50.143654,Middle Eastern Restaurant,,0.075743923
705,McDonald's,26.234398,49.987754,Fast Food Restaurant,8.6,0.9998459071684216
706,McDonald's,26.233773,49.9894,Fast Food Restaurant,7.4,0.2043687799016121
709,RBG Grill,26.233213,49.987417,American Restaurant,6.8,0.961324684
710,KFC (كنتاكي),26.244824,49.981499,Fried Chicken Joint,5.7,0.9996766722666878
714,سكبة,26.245131,49.981418,Restaurant,,0.9855350984915316
716,Hungry Bunny (الارنب الجائع),26.244824,49.981499,Fast Food Restaurant,,0.2490673057383738
717,Canton,26.241627,49.984449,Chinese Restaurant,,0.6052750391626104
718,Alkhafeef (عالخفيف),26.23893,49.985902,Restaurant,,0.3145047162458761
719,Bahi,26.241187,49.974281,Indian Restaurant,,0.3236536568290291
721,الوحيد,26.235897,49.990139,Middle Eastern Restaurant,,0.996697578
722,كودو,26.235249,49.989044,Fast Food Restaurant,,0.9867255705920128
724,كودو,26.234833,49.989296,Restaurant,,0.9034539062023828
725,Medinah Restaurant Dammam Industrial City 2,26.247069,50.003041,Restaurant,,0.4100305907990419
726,We Burger,26.234,49.988215,Burger Joint,,0.946947632
727,Dosa Shop,26.241914,49.970135,Asian Restaurant,,0.2806142438018353
728,Pizzarella,26.233752,49.987807,Pizzeria,,0.9996829581344664
730,مطاعم الغرن الذهبي البخاري,26.238366,49.971963,Restaurant,,0.994591303
732,Mazak Al-Madina Restaurant,26.23815,49.971902,Restaurant,,0.296204799
735,Al Baik (البيك),26.46828,49.79754,Fast Food Restaurant,7.8,0.9510662244164227
736,Papa John's (بابا جونز),26.467251,49.796233,Pizzeria,7.7,0.6832267217074555
737,Root98 Herbs and Seeds Inspired,26.469748,49.796397,Restaurant,7.5,0.9977471398983496
738,Subway (صب واي),26.468628,49.797717,Deli,7.4,0.9651852759527766
739,ماكدونالدز,26.468857,49.797312,Burger Joint,7.3,0.9680431062926244
740,McCafé,26.468139,49.794211,Fast Food Restaurant,7.3,0.959564336
741,البيك,26.468781,49.797786,Fast Food Restaurant,7.3,0.9360693399927904
742,McDonald's (ماكدونالدز),26.466081,49.796546,Fast Food Restaurant,7.1,0.2209686115065227
743,KFC (دجاج كنتاكي),26.468802,49.794093,Fast Food Restaurant,6.8,0.1173175784546919
744,Popeyes Louisiana Kitchen,26.468672,49.797518,Fried Chicken Joint,6.7,0.6074745839080004
745,برجر كنج,26.467852,49.796131,Burger Joint,6.7,0.9441071325639888
746,Burger King (برجر كنج),26.451391,49.802751,Burger Joint,6.8,0.9760866503055964
747,ابو الجدايل لمتد,26.468949,49.797325,Restaurant,,0.2828867758702587
748,Popeyes Louisiana Kitchen,26.468668,49.795853,Fried Chicken Joint,,0.1652614443829854
749,بيك المطار,26.468648,49.79742,Fast Food Restaurant,,0.1400010866662111
750,Cairo 50S,26.468502,49.797266,Egyptian Restaurant,,0.072386654
751,مكسيكانوا,26.468117,49.797428,Mexican Restaurant,,0.9372703479202368
752,كودو,26.467867,49.796068,Fast Food Restaurant,,0.4450857047532994
753,Sbarro (سبارو),26.469334,49.797162,Pizzeria,5.4,0.961226299
754,Papa John's (بابا جونز),26.467365,49.796673,Pizzeria,,0.9299666276408438
755,Nutria,26.467311,49.796107,Restaurant,,0.8803650740389971
756,Airport Restaurant,26.467387,49.795185,Restaurant,,0.4628799530315888
757,البيك,26.485061,49.792087,Fast Food Restaurant,,0.4719248077879611
760,Broast Al Basel (بروست الباسل),26.433403,50.066283,Fast Food Restaurant,7.6,0.963075744
761,Hardee's (هارديز),26.430635,50.067014,Fast Food Restaurant,6.4,0.9612839076531088
762,Kilo Kabab (كيلو كباب),26.463943,50.121455,BBQ Joint,8.9,0.9191395042931568
763,دندرة,26.476025,50.118669,Seafood Restaurant,8.3,0.941697998
765,Tacoville,26.458132,50.120514,Mexican Restaurant,8.4,0.9114542874602534
767,Burger Works (برجر ووركس),26.451274,50.130282,Burger Joint,8.4,0.008047727
768,the exit (الواجهه البحريه),26.498341,50.12705,Theme Restaurant,8.1,0.9757014818487934
769,I Wish Burger,26.462325,50.121512,Burger Joint,7.8,0.6556774280417198
771,شاورمجي,26.459542,50.120884,Doner Restaurant,7.5,0.907176667
772,Maestro Pizza,26.455528,50.118925,Pizzeria,7,0.089053227
773,Burger King (برجر كنج),26.46166,50.11358,Burger Joint,6.5,0.9124071714880528
775,ركن الكبابجي,26.480269,50.132694,Restaurant,,0.9528943852344406
776,Osmanli Lezzat,26.471723,50.131387,Turkish Restaurant,,0.5584314700307615
778,Spud,26.473536,50.122758,American Restaurant,,0.5950035733151042
782,مطبخ و مندي الروضة,26.416654,50.114736,Middle Eastern Restaurant,7.6,0.9710302540678828
785,تكه بحريني,26.448963,50.096155,Middle Eastern Restaurant,8.3,0.966814778
786,Half Pound,26.458764,50.080662,Lounge,7.9,0.9650332991537977
787,Anarkali,26.459215,50.087589,Indian Restaurant,7.7,0.9549865871215651
789,Burger King (برجر كينق),26.461355,50.074937,Fast Food Restaurant,7.6,0.964370423
790,Kudu (كودو),26.455005,50.105703,Fast Food Restaurant,7.5,0.9815637655490994
791,KFC (كنتاكي),26.459293,50.090113,Fried Chicken Joint,6.7,0.976322903
792,شيزان,26.459388,50.093996,Indian Restaurant,6.6,0.9554319568302104
794,معجنات الفران,26.463001,50.092154,Kosher Restaurant,6.2,0.9635625433717594
795,Royal Malabar Restaurant,26.455745,50.097147,Indian Restaurant,6.2,0.954903728
796,Hungry Bunny (الأرنب الجائع),26.456678,50.113473,Fast Food Restaurant,6.4,0.9848781447762276
797,كلين بروتين,26.473078,50.096421,Salad Restaurant,,0.9701498720856768
798,McDonald's (ماكدونالدز),26.359576,50.189516,Burger Joint,8.5,0.9979318902523094
800,Leopardo (ليوباردو),26.350056,50.195202,Pizzeria,9.2,0.9929057568654976
801,Pizza Mario's,26.359948,50.191424,Pizzeria,8.1,0.8793477307195768
802,Azwad (ازواد),26.359764,50.191,Middle Eastern Restaurant,7.9,0.9948861286238924
805,شاورمر,26.359255,50.188358,Doner Restaurant,6.8,0.8732938094581553
806,سيراميك الا كارت كافي,26.449675,50.180909,Italian Restaurant,,0.2934366760534777
807,بطوط,26.451151,50.189742,American Restaurant,,0.8923995333188529
808,Sahel Bukhari Restaurant,26.420358,50.161366,Pakistani Restaurant,,0.4181607266776455
810,Raising Cane's,26.345494,50.195987,Fried Chicken Joint,9.2,0.9975558702981838
811,Ziba (زيبا),26.351144,50.211345,Persian Restaurant,9.2,0.9919782409786546
812,Bistro,26.35049,50.212308,Bistro,8.9,0.985159746
813,Scatola (سكاتولا),26.34375,50.203767,Italian Restaurant,8.9,0.9922790569419552
814,Bellevento (بيليڤينتو),26.343621,50.184432,Italian Restaurant,8.9,0.9911635310780492
815,Abs Kitchen (آبز كيتشن),26.343778,50.203758,Health Food Store,8.5,0.9918152989985336
816,Uplift (أب لفت),26.352394,50.211044,Burger Joint,8.1,0.983555394
817,The Wings Club (ذي وينقز كلوب),26.343908,50.203843,Wings Joint,8.2,0.9590012910018424
818,BRNX (برونكس),26.345594,50.195596,Pizzeria,8.1,0.9551909554667034
819,Burgerizzer,26.382559,50.178396,Burger Joint,7.1,0.6652891278003915
820,Madina Restaurant,26.416376,50.160226,Indian Restaurant,,0.1355995401298822
821,مطاعم ومطابخ قصر الرتم,26.369735,50.081026,Middle Eastern Restaurant,8.5,0.9732985323514484
822,Shrimp Caption,26.391161,50.073121,Seafood Restaurant,8.7,0.954354784
823,برياني الذواقة,26.365333,50.076491,Indian Restaurant,8.6,0.9904815171570912
825,Oh Yamal Restaurant,26.372906,50.200838,Middle Eastern Restaurant,7.6,0.9579498349577976
826,Chks (تشكس),26.372847,50.178585,Fried Chicken Joint,7,0.9279122518099616
827,KUDU (كودو),26.376004,50.189275,Fast Food Restaurant,6,0.9300044536970864
828,هرفي,26.379331,50.205411,Fast Food Restaurant,,0.063177119
829,Wabel,26.379534,50.182086,Burger Joint,,0.4706522076872883
830,Burger Nook (زاوية البرجر),26.373285,50.190993,Sandwich Spot,,0.925271106
831,Novotel Restaurant,26.40754,50.138548,Middle Eastern Restaurant,6.5,0.8842453054925479
832,Al Amana Restaurant,26.410502,50.155978,Restaurant,,0.040953298
833,Kandy Restauarant,26.417191,50.160662,Sri Lankan Restaurant,,0.5540192026846472
835,مندي الخيمه,26.418221,50.16116,Middle Eastern Restaurant,,0.7778640897368175
836,AFC Broasted Chicken,26.418497,50.159077,Diner,,0.5241380024650696
837,Hazara Pakistani Hotel,26.416139,50.148169,Pakistani Restaurant,,0.8243689732674601
839,درب السمج,26.354445,50.077135,Seafood Restaurant,8,0.9518897140312174
840,Chicken Firrie,26.365682,50.074701,Fried Chicken Joint,8.1,0.9545930045883436
841,Alroshanah (الروشنّة),26.363851,50.073941,Middle Eastern Restaurant,8.1,0.9569130700473336
842,BRIO Sandwiches,26.371607,50.089702,Sandwich Spot,7.7,0.9114439300251684
844,maestro shawarma sandwich (مايسترو شاورما ساندويتش),26.363111,50.072717,Shawarma Restaurant,7.5,0.9647018612310848
845,The Hut Burger,26.371607,50.089702,Burger Joint,7.2,0.6519901811515396
846,Slice of Heaven,26.334659,50.121323,Pizzeria,7.1,0.9243700090109686
847,Manoosha Station (منؤشة ستيشن),26.363456,50.073425,Restaurant,6.8,0.9459652611627256
848,Shawayit Sama AlKhaleej,26.353628,50.097403,Middle Eastern Restaurant,,0.9785911816797688
851,Bakely,26.351023,50.093445,Pizzeria,,0.8690095184828429
855,Wabel,26.369806,50.091191,Burger Joint,,0.9152347512661964
857,اقليم الغامدي,26.371508,50.096295,Restaurant,,0.3942971962423225
859,الممتاز,26.369755,50.088748,Fast Food Restaurant,,0.9161047758133176
860,صبح و مسا,26.372788,50.099802,Middle Eastern Restaurant,,0.687236533
861,Bukhari Corner Restaurant,26.372989,50.1004,Middle Eastern Restaurant,,0.3104434017959792
862,بوكادو برجر,26.364026,50.078451,Burger Joint,,0.1685361836994686
864,Anjar (عنجر),26.371498,50.086154,Shawarma Restaurant,,0.9306880444126816
865,سمك وبهار,26.370964,50.085194,Seafood Restaurant,,0.985551378
867,Al-Multaqa Restaurant,26.336111,50.119377,Mexican Restaurant,,0.7832188836756465
868,Healthy Nation,26.368933,50.082038,Salad Restaurant,,0.9869910615335218
869,Bakes & Grills,26.351227,50.073298,Shawarma Restaurant,,0.060746357
870,Loshi Sushi,26.35096,50.073215,Sushi Restaurant,,0.9828170151943572
871,شطائر الطائر,26.367858,50.080457,Restaurant,,0.9583320386539478
873,La Casa Pasta (كازا باستا),26.423776,50.030629,Noodle Restaurant,8.1,0.981543051
874,شواطئ الخليج,26.413809,50.031608,Middle Eastern Restaurant,6.5,0.871174222
875,بروست الطازج,26.421202,50.026512,Fast Food Restaurant,,0.9721902867973776
877,McDonald's,26.355064,50.050757,Fast Food Restaurant,8.2,0.9454163171032326
879,McDonald's,26.349764,50.051983,Fast Food Restaurant,7.5,0.7232493345347958
880,McDonald's,26.349737,50.052138,Fast Food Restaurant,7.5,0.8998332452951351
881,حلم شاورمتي,26.353554,50.049144,Turkish Restaurant,6.9,0.9727910180322944
882,كودو,26.350609,50.019849,Fast Food Restaurant,,0.5481258221214098
885,Thimar,26.351351,50.018281,Falafel Restaurant,,0.1288045819140823
886,Al Morooj Restaurant,26.342352,50.037604,Afghan Restaurant,,0.8687816549109778
887,رخيص و قوي,26.343502,50.039753,Fast Food Restaurant,,0.02188526
888,اسياخ,26.343674,50.040035,BBQ Joint,,0.991879771
893,الديك الاول,26.360067,50.035287,Sandwich Spot,,0.1971123470983645
894,Rozana Restaurant,26.363071,50.029282,Restaurant,,0.4129120631274177
898,Lahab pastries,26.347792,50.046254,Pizzeria,,0.8090296119069074
900,Ennabi Grill,26.347033,50.048477,BBQ Joint,,0.902702255
902,غنم و غنم,26.356223,50.045242,BBQ Joint,,0.953743695
903,Burger Monster,26.360677,50.041341,American Restaurant,,0.8866793027374701
905,Oasis Restaurant - KFMMC,26.321652,50.015791,Restaurant,,0.6227562155971211
906,Burger Box,26.356578,50.045681,Burger Joint,,0.088939295
909,برجر بوكس,26.35667,50.045775,Burger Joint,,0.968337321
911,Sara Pastris,26.359235,50.043499,Restaurant,,0.9844742048079214
913,Burger Monster,26.36094,50.041923,Burger Joint,,0.910076749
916,برجر مشوي,26.350386,50.049153,Burger Joint,,0.961459984
917,Qassr Al-Madhbi (قصر المظبي),26.348277,50.049891,Middle Eastern Restaurant,,0.9018529451366664
920,McDonald's,26.35008,49.969517,Fast Food Restaurant,7.8,0.9999032688930092
922,Al Baik (البيك),26.342118,49.970651,Fast Food Restaurant,7.9,0.9998820445459344
923,Maestro Pizza,26.371938,49.971415,Pizzeria,7,0.950469118
924,Golden Corner (الركن الذهبي),26.360255,49.967414,Middle Eastern Restaurant,6.5,0.9975627374776034
927,Burgerizzr,26.371606,49.971302,Burger Joint,,0.9988303196160174
928,هرفي,26.372021,49.971404,Fast Food Restaurant,,0.9994232016469482
929,مطابخ قاعة الاندلس فرع الفرسان,26.362175,49.965896,Asian Restaurant,,0.991176194
933,Hashi Basha (حاشي باشا),26.373465,49.963758,Middle Eastern Restaurant,,0.9982910837764932
934,ممشاء الامانه,26.375513,49.971455,Sandwich Spot,,0.9891788658945738
936,مطبق ومعصوب ركن الديرة,26.357957,49.965238,Middle Eastern Restaurant,,0.9995211542990946
937,مطاعم ليان,26.372983,49.960953,Restaurant,,0.073942011
938,مطاعم دانة السور البخاري,26.35783,49.963375,Middle Eastern Restaurant,,0.9961810172137344
939,Fish Time Restaurant,26.355414,49.968061,Seafood Restaurant,,0.6109977237269495
941,حنيذ المله,26.355891,49.956599,Middle Eastern Restaurant,,0.9994803088829618
943,The Circle (برجر الدائرة),26.346766,49.970341,Restaurant,,0.5088406658489949
945,Shawrmer,26.341977,49.969978,Shawarma Restaurant,,0.9364772851769696
946,Shawarmer (شاورمر),26.341963,49.970048,Shawarma Restaurant,,0.9790324573454884
947,برجر كنج,26.341017,49.966699,Burger Joint,,0.1576253111281872
948,Burger Monster (وحش البرجر),26.392639,49.977847,Burger Joint,,0.8148021243179229
949,كودو,26.337533,49.957265,Fast Food Restaurant,8.2,0.998730026
952,Ennab,26.338657,49.957381,Kebab Restaurant,,0.9980097721067543
954,بروستد مشوار الفرسان,26.338212,49.957796,Fried Chicken Joint,,0.9902862983733473
956,كودو,26.337826,49.957483,Fast Food Restaurant,,0.949286739
957,كودو,26.337518,49.957328,Restaurant,,0.686779459
959,مؤسسة نخلة الوادي التجارية,26.332638,49.956549,Restaurant,,0.9032128291761988
962,مشاوي ابو حسن,26.389161,49.992269,BBQ Joint,,0.8942722638374663
963,مشاوي ابو حسن,26.38919,49.992417,BBQ Joint,,0.7148284766097643
965,Wild Burger (وايلد برجر),26.386854,50.061178,Burger Joint,8.1,0.9747485732633172
967,فيشبي,26.175439,50.143908,Seafood Restaurant,8.2,0.9999861049238576
968,Fishby,26.175444,50.143916,Seafood Restaurant,,0.5554594097722849
970,شاورمجي,26.174898,50.150516,Shawarma Restaurant,,0.9991183752329684
971,عصيدة ومرق,26.184336,50.158548,Soup Spot,,0.999692451
972,Belad Al-sham (بلاد الشام),26.173964,50.153798,Kebab Restaurant,,0.9999348763739044
973,عبق,26.182459,50.158732,Restaurant,,0.9307797186348876
974,برجر المشوي,26.187822,50.159658,Burger Joint,,0.1752853421325302
976,برجر المشوي,26.174215,50.155051,Burger Joint,,0.6314136878460965
977,Wheels,26.359601,50.206793,Shawarma Restaurant,7.4,0.1634433400599125
978,Breakout (بريكاوت),26.361648,50.20645,Shawarma Restaurant,7.1,0.8609728889613075
979,Burger Nook (زاوية البرجر),26.362918,50.197672,Burger Joint,7.1,0.9233796673476806
980,Al Sanbok Business lunch,26.364767,50.207344,Organization,6.5,0.911735583
981,Ezcone,26.352597,50.210789,Fast Food Restaurant,6.5,0.904277854
983,Royal Broast,26.365487,50.203907,Fast Food Restaurant,,0.9282052567589588
985,Whoosah,26.360841,50.206709,Mediterranean Restaurant,,0.4382387225348758
986,Shrimp Caption (شرمب كابشن),26.360784,50.206278,Seafood Restaurant,,0.91570886
987,Eona (إيونا),26.360691,50.206368,Restaurant,,0.905631526
988,McDonald's (ماكدونالدز),26.191418,50.190038,Burger Joint,8.9,0.9981449682263138
989,Shwaiat Al-Khalij (شواية الخليج),26.187461,50.18616,Restaurant,8.9,0.996352606
990,Al Ennabi Grill (المشوي العنابي),26.192723,50.189637,Kebab Restaurant,8.6,0.9758845869420804
992,Al Frej (الفريج),26.191661,50.188795,Shawarma Restaurant,8.2,0.953461264
993,Alrafedain Grill (مشويات الرافدين),26.192554,50.189622,Middle Eastern Restaurant,8.1,0.9690911597708786
994,Shawarma Helil (شاورما هليل),26.189771,50.188052,Shawarma Restaurant,7.9,0.9812992742814886
997,Shrimp Nation (شرمب نيشن),26.20207,50.195442,Seafood Restaurant,8.7,0.9941215547171705
998,Mishwar (مشوار),26.18971,50.188068,Middle Eastern Restaurant,7.7,0.9824900041362196
999,بابل للمعجنات,26.200596,50.20438,Pastry Shop,9,0.9811112643044256
1000,Subway (صب واي),26.201935,50.19552,Deli,8.5,0.9812742062845468
1001,المِضْياف,26.202649,50.195506,Restaurant,8.6,0.9889450133487084
1002,Masterpieces of Seas Waves (روائع أمواج البحار),26.188496,50.187856,Seafood Restaurant,7.7,0.978291115
1003,Leen Restaurant (مشويات لين),26.179491,50.185147,Turkish Restaurant,8.1,0.9801210784252284
1004,Hardees's (هارديز),26.185144,50.185787,Burger Joint,7.6,0.9934071168043318
1007,Spices Lounge,26.202421,50.21251,Indian Restaurant,8.6,0.973465525
1008,مذاق الفخار,26.206162,50.208463,Middle Eastern Restaurant,8.5,0.9939836807339908
1009,الرواق الشعبي,26.183283,50.184447,Bakery,7.6,0.9800208064374616
1010,M6noo5 (شاورما مطنوخ),26.201397,50.205821,Shawarma Restaurant,8.2,0.985911786
1012,Meltzone (ميلتزون),26.209755,50.208347,Fast Food Restaurant,8.7,0.9875788075153856
1013,Shawarmer (شاورمر),26.190649,50.189414,Shawarma Restaurant,7.3,0.9757091109634884
1014,Sama Deeraty Rest (مطاعم سما ديرتي),26.186403,50.185338,Middle Eastern Restaurant,7.4,0.9678502939222642
1015,La Casa Pasta (كازا باستا),26.209074,50.195964,Italian Restaurant,8.2,0.9810109923166588
1018,Lghawees (لغاويص),26.208,50.196599,Shawarma Restaurant,8.1,0.9957509745183812
1019,Al Baik (البيك),26.207909,50.196494,Fried Chicken Joint,8.1,0.9933569808104484
1020,بروستد أريج,26.208522,50.187084,Fried Chicken Joint,7.9,0.9799581364451072
1024,Indian Kitchen Express,26.208307,50.196047,Indian Restaurant,7.8,0.9236428813155684
1025,Makbous Express (مكبوس السريع),26.190911,50.189759,Middle Eastern Restaurant,6.9,0.9564318213153178
1026,Herfy (هرفي),26.196415,50.193151,Fast Food Restaurant,7.1,0.978892747
1028,دجاج كنتاكى,26.184852,50.185568,Fried Chicken Joint,6.9,0.9924294649236052
1029,Shally,26.201925,50.209574,Comfort Food Restaurant,7.4,0.9866262236316008
1030,Grin (قرين),26.201419,50.208217,Burger Joint,7.4,0.9469686524698244
1032,شاورما وعصيرات الزعيم,26.209387,50.208444,Sandwich Spot,7.4,0.9783036486469548
1034,SD's BURGER,26.214393,50.180646,Burger Joint,7.2,0.9837511081386846
1035,Broccoli - Pizza & Pasta,26.200726,50.208591,Italian Restaurant,6.8,0.6110198914555732
1036,عريكة ماضينا,26.184373,50.183984,Restaurant,6.1,0.958462329
1037,راعي البروستد,26.196676,50.193259,Fried Chicken Joint,6,0.911898525
1041,Oriya (اوريا),26.255659,50.22132,Restaurant,8.8,0.9841695599313136
1042,تاوه,26.21783,50.20682,Doner Restaurant,8.5,0.9913766090520536
1043,سعودي برغر,26.218152,50.206676,Burger Joint,8.2,0.9735031272326184
1044,Blue Garden (بلو جاردن),26.255244,50.220898,Lebanese Restaurant,8.1,0.9821390521790356
1046,Chef Eyad Smoked Meat,26.255537,50.221155,Steakhouse,7.9,0.9657445821791608
1047,Saudi Burger,26.21826,50.206707,Burger Joint,7.9,0.9608939247709412
1048,دنيا السعادة,26.249721,50.2017,Sandwich Spot,6.9,0.989233295
1049,برجر كنج,26.218186,50.208201,Burger Joint,7.4,0.9907875111239236
1050,Dominos Pizza (دومينوز بيزا),26.265551,50.210413,Pizzeria,8.1,0.9820137121943272
1051,Q Burger,26.25679,50.204094,Burger Joint,6.9,0.9837434039833048
1053,Great American Cookies,26.240495,50.205123,Dessert Shop,,0.2634019778649587
1054,مندي الغروب,26.217969,50.207196,Middle Eastern Restaurant,6.3,0.9695298497173584
1056,Madghout Thahamah (مضغوط تهامة),26.249784,50.198761,Restaurant,,0.9925924069037264
1057,Brosted Al Sham,26.249643,50.2006,Fried Chicken Joint,,0.9692541017509996
1058,اب الخضراء,26.250829,50.202826,Restaurant,,0.9767118308411566
1059,Cocktail (كوكتيل),26.250717,50.211586,Sandwich Spot,,0.9526340197786496
1060,Roshan Indian Restaurant,26.255613,50.221273,Indian Restaurant,5.8,0.1089204467117055
1062,BBQ Villa,26.261843,50.204361,Indian Chinese Restaurant,,0.957008385
1064,نور الرافدين,26.264088,50.206251,BBQ Joint,,0.3325520474286502
1066,PHD #58 Thoqbah,26.26486,50.20947,American Restaurant,,0.9371419976686762
1067,Shawarma Thwani,26.217062,50.206903,Middle Eastern Restaurant,,0.9780905706729504
1070,الطبق الحجازي,26.216127,50.207679,Afghan Restaurant,,0.9462040785631024
1071,Al Tabaq Al Hijazi For Montu And Alegmsh,26.268339,50.203189,Restaurant,,0.9565696952984972
1072,&SALAD (اند سالد),26.303113,50.201383,Salad Restaurant,9.4,0.9971798503440582
1073,The Cuts (ذي كاتس),26.305548,50.194192,New American Restaurant,8.7,0.991765163
1075,McDonald's (ماكدونالدز),26.305166,50.19624,Burger Joint,8.4,0.9989220761315069
1076,San Carlo Cicchetti,26.317793,50.203803,Italian Restaurant,9.3,0.9936201947783362
1077,Golden Juice (عصيرات الذهبي),26.299162,50.198465,Shawarma Restaurant,8.8,0.9956005665367308
1078,مندي الأحساء,26.299976,50.198429,Middle Eastern Restaurant,8.6,0.9921035809633632
1079,Section-B (سِكشن-بي),26.306608,50.182674,Burger Joint,9.1,0.991602221
1081,The Peak (ذا بيك),26.307662,50.180539,Burger Joint,9,0.9968163643884036
1082,‏Woker (ووكر),26.318877,50.207675,Asian Restaurant,8.7,0.9889951493425918
1083,Salata (سلاته),26.318995,50.208137,Salad Restaurant,8.7,0.9968038303899328
1084,OffTheEarth (أوف ذا إيرث),26.31171,50.217244,Salad Restaurant,9.5,0.9995237080581076
1085,Kokoro (كوكورو),26.305123,50.178356,Japanese Curry Restaurant,9.2,0.9960643244801524
1086,Parker's (باركرز),26.305058,50.195738,American Restaurant,9.1,0.9971046463532331
1087,Five Guys (فايف جايز),26.303868,50.204195,Burger Joint,8.1,0.9931439028364438
1088,Freshhouse (فريش هاوس),26.309071,50.219055,Salad Restaurant,9.5,0.9991226201070404
1089,Soul Kitchen (سول كيتشن),26.302828,50.208717,Sushi Restaurant,8.4,0.9899477332263764
1090,Zad Alsultan Resturant (مائدة زاد السلطان),26.298166,50.179838,Middle Eastern Restaurant,9.1,0.9963776744419236
1091,Lubda Palace (قصر لبدة),26.304052,50.174748,Middle Eastern Restaurant,9.2,0.9942594287003496
1092,Oriental Flavors (نكهات الشرق),26.302124,50.211145,Indian Restaurant,8.4,0.9943095646942332
1094,Ray’s Pizza (ريز),26.302541,50.176953,Pizzeria,8.8,0.9877793514909192
1096,معجنات و شاورما اللذيذة,26.296298,50.19178,American Restaurant,8.3,0.9936828647706905
1097,PICKUP (بيك أب),26.307279,50.224057,Burger Joint,9.6,0.9990850181116278
1098,Burger Site (برجر سايت),26.307529,50.223893,Burger Joint,9.4,0.992467067
1099,مشويات الرافدين,26.299098,50.175283,Kebab Restaurant,9,0.9942719626988206
1100,El Tacoria (ال تاكوريا),26.300482,50.183302,Mexican Restaurant,8.3,0.98423223
1101,Al Fawar (الفوار),26.297828,50.216756,Seafood Restaurant,8.8,0.9938834087462242
1103,Takara (تاكارا),26.321301,50.220279,Japanese Restaurant,9.1,0.9940839527217578
1104,Shawati Al Khaleej (شواطئ الخليج),26.2894,50.191997,Middle Eastern Restaurant,8.7,0.9896093152676636
1105,Rolando's Pizzeria (رولاندو بيزيريا),26.296648,50.219012,Pizzeria,9.1,0.9926425428976098
1106,Neon Sushi (نيون سوشي),26.309064,50.213558,Sushi Restaurant,8.2,0.9895466452753092
1108,Il Grotta,26.299861,50.214927,Italian Restaurant,8.5,0.9941716907110536
1110,Belad Al-Sham (مشویات بلاد الشام),26.297121,50.216115,Middle Eastern Restaurant,8.7,0.995588033
1111,Shajarat Aldurr,26.295223,50.207112,Egyptian Restaurant,9.1,0.9936953987691614
1112,Burger Site (برجر سايت),26.299244,50.175834,Burger Joint,8.7,0.9898474612386098
1113,REGAL BURGER (ريجل برجر),26.302366,50.178143,Burger Joint,8.5,0.9819886441973854
1114,FATTO (فاتّو),26.307217,50.225003,Italian Restaurant,9.1,0.9878921574771568
1115,Ayyash (عيّاش),26.296543,50.218698,Shawarma Restaurant,8.8,0.9958637805046188
1116,McDonald's (ماكدونالدز),26.329069,50.213639,Burger Joint,9,0.99880927
1117,GO-YA! (غويا),26.310797,50.223505,Burger Joint,8.8,0.9919281049847712
1118,Lumee (لومي),26.307495,50.224654,Middle Eastern Restaurant,9,0.9888698093578832
1119,Golden Juice (عصيرات الذهبي),26.296755,50.208906,Shawarma Restaurant,8.2,0.995249615
1120,Low Calories (لو كالوريز),26.300978,50.171579,Restaurant,8.9,0.9979569582492512
1121,SHRIMP RUSH (شرمب رش),26.309568,50.222647,Seafood Restaurant,8.7,0.9869771755887846
1122,Abu Hilal Restaurants (مطاعم أبو هلال),26.270769,50.193641,Breakfast Spot,9.1,0.9949613326147174
1123,Shwaiat Al-Khalij (شواية الخليج),26.269443,50.189858,Restaurant,8.8,0.9935700587844528
1124,ماكدونالدز,26.26643,50.212952,Burger Joint,8.8,0.9951117405963676
1125,Peshawari Kebab House,26.272414,50.194448,Pakistani Restaurant,8.8,0.992617475
1127,Raising Cane’s (ريزينج كينز),26.268845,50.216035,Fried Chicken Joint,9.1,0.9907499091285112
1130,Palm Grove (لذة النخيل),26.277304,50.212225,Indian Restaurant,9.1,0.9957760425153228
1131,بلاد الشام,26.274682,50.190076,Middle Eastern Restaurant,8.5,0.988205507
1133,Shalimar Restaurant,26.27692,50.212384,Indian Restaurant,8.8,0.9495130541594072
1135,Kufah (كوفة),26.280091,50.191725,Fried Chicken Joint,8.4,0.9848714638456814
1136,Shwaiat Al Khalij,26.278277,50.190431,Middle Eastern Restaurant,8.3,0.9811864682952508
1137,مطاعم شواية الخليج,26.269075,50.19019,Mediterranean Restaurant,8.9,0.995262149
1138,كودو,26.279572,50.207854,Fast Food Restaurant,8.3,0.9750949450384168
1141,Lahza Shawarma & Grill,26.269522,50.191194,Shawarma Restaurant,7.5,0.9629871025155736
1142,Hashi Basha (حاشي باشا),26.269923,50.192387,Middle Eastern Restaurant,7.5,0.969053558
1144,Makbous Express (مكبوس اكسبريس),26.269214,50.216175,Middle Eastern Restaurant,7.7,0.972437737
1145,Top Meal,26.268817,50.20501,Fried Chicken Joint,7.4,0.982189188
1148,كودو,26.268749,50.187738,Fast Food Restaurant,7.4,0.9679756339069726
1149,Fawaz Broasted,26.268811,50.213331,Fried Chicken Joint,7.4,0.9832796460398832
1150,SunRoom Cafe and Restaurant,26.271953,50.221238,Café,7.6,0.9772382587769324
1151,Mandi King (ملك المندي),26.27065,50.196505,Middle Eastern Restaurant,7.6,0.9866512916285424
1152,حلبة ديراب,26.277456,50.210887,Fast Food Restaurant,8.9,0.9874148539271818
1154,بروستد الكندي,26.272092,50.195064,Fried Chicken Joint,6.8,0.9860371257034708
1155,دجاج كنتاكى,26.268476,50.187594,Fried Chicken Joint,6.6,0.9823145281576277
1156,Herfy (هرفي),26.269136,50.189702,Fast Food Restaurant,6.5,0.950052016
1158,Fillfilah (فلفلة),26.269184,50.189601,Middle Eastern Restaurant,6,0.9702442876301968
1160,Herfy (هرفي),26.214698,50.207169,Burger Joint,7.8,0.993469787
1161,الشروق للاكلات الشعبية,26.212717,50.207511,Diner,7.5,0.978967951
1163,Shawarma Aseel (شاورما أصيل),26.211704,50.207659,Shawarma Restaurant,6,0.9480089743429052
1165,Kabana Restaurant,26.214515,50.189168,Indian Restaurant,,0.9549904114911698
1166,مطاعم ومطابخ شعبي,26.217242,50.185267,Restaurant,,0.8788965067746262
1167,زدني بروستد,26.213471,50.189442,Fried Chicken Joint,,0.9630623065063986
1168,Sandwich Park (حديقة الساندويتش),26.212887,50.189242,Sandwich Spot,,0.9709336575460936
1169,جريش,26.21581,50.183969,Middle Eastern Restaurant,,0.947582818
1171,مطابخ الماعون الشرقي,26.209204,50.19068,Halal Restaurant,,0.9465550305202862
1173,Malama (مالاما),26.336941,50.200586,Hawaiian Restaurant,9.3,0.9996114460474036
1174,Sold Out (سولد اوت),26.338566,50.208806,Burger Joint,9.2,0.9987716681498564
1176,Namat (نمط),26.342671,50.181788,Health Food Store,8.2,0.9798578644573406
1178,We! Burger (وي برجر),26.342626,50.181915,Burger Joint,8,0.9881096645226776
1179,Seventh Floor (الدور السابع),26.333069,50.18703,Restaurant,8.1,0.9621097226226138
1180,Madame Banquet (مدام بانكويت),26.334297,50.188749,Restaurant,7.9,0.9979193562538384
1181,Los Chavos (لوس تشافوس),26.337485,50.201328,Taco Restaurant,7.6,0.9653560282265644
1182,The Lab (ذا لاب),26.328995,50.180774,American Restaurant,8.1,0.9325545542283444
1183,Arabian Village Restaurant,26.336033,50.181405,Restaurant,7.6,0.906132885
1184,La Gioia,26.330877,50.213286,Italian Restaurant,7.6,0.9635511324467618
1189,Pattis France (باتي فرانس),26.288492,50.219439,Bakery,9.2,0.9928054848777308
1191,Mama Noura (ماما نوره),26.292126,50.220353,Shawarma Restaurant,9.2,0.9991351541055112
1192,La Gondola (جاندولا),26.288215,50.218214,Italian Restaurant,8.9,0.9899351992279056
1193,Al-Marsah Sea Food (المرساة للوجبات البحرية),26.288428,50.21686,Seafood Restaurant,8.7,0.9888447413609416
1194,Abu Hilal Restaurants (مطاعم ابو هلال),26.286197,50.212784,Middle Eastern Restaurant,8.8,0.991527017
1196,The Cheesecake Factory (ذي تشيز كيك فاكتوري),26.282918,50.219898,American Restaurant,9.4,0.9955378965443766
1198,BOGA Superfoods (بوقا),26.295774,50.220881,Sandwich Spot,8.8,0.990674705
1199,P.F. Chang’s (بي أف تشانغز),26.283731,50.219625,Chinese Restaurant,9,0.9954000225611972
1200,Burger Boutique (برجر بوتيك),26.283317,50.220383,Burger Joint,9,0.9903613551759146
1201,Century Cuisine (سينشري كوزين),26.296909,50.219593,Restaurant,8.6,0.985585902
1202,حدائق دمشق,26.289759,50.210906,Restaurant,8.1,0.9864507476530088
1203,Nozomi (نوزومي),26.281932,50.221997,Japanese Restaurant,9.1,0.9894213052906008
1204,Texas Roadhouse (تكساس رود هاوس),26.283563,50.220082,Steakhouse,8.7,0.9855232317661656
1206,Firegrill (فاير جريل),26.298832,50.223278,Mexican Restaurant,8.8,0.988556459
1207,McDonald's (ماكدونالدز),26.28599,50.220272,Burger Joint,8.3,0.9970670443578206
1208,Maceo (ماسيو),26.282036,50.222206,Italian Restaurant,8.7,0.9935825927829236
1211,Buffalo Wild Wings (بافالو وايلد وينجز),26.283317,50.220383,Wings Joint,8.2,0.9891831593196546
1213,McDonald's (ماكدونالدز),26.294072,50.207591,Fast Food Restaurant,7.7,0.9956381685321436
1215,LMK (إل ام كاي),26.307506,50.180527,Burger Joint,8,0.9939210107416366
1216,IKEA Restaurant & Cafe,26.30956,50.167927,Scandinavian Restaurant,8.9,0.9984959201834978
1217,Fit House (فت هاوس),26.299473,50.174416,Health Food Store,8.2,0.9937580687615156
1220,Madeleine (مادلين),26.306362,50.210033,Bakery,9.1,0.9793565045185064
1221,شاورما سنع,26.298993,50.198599,Shawarma Restaurant,8.1,0.987440934
1222,Zümrüt (زمرُت),26.300473,50.189267,Turkish Restaurant,7.5,0.9788300765827308
1223,AGHATTI (اغاتي),26.317974,50.203748,Iraqi Restaurant,8.5,0.98279082
1224,Ninar | نينار,26.288443,50.188767,Lebanese Restaurant,8.1,0.9847586578594436
1225,Fatté w Snobar (فتّة و صنوبر),26.304688,50.18019,Middle Eastern Restaurant,7.4,0.9661206021332864
1226,The Pantry (ذا بانتري),26.308839,50.214754,Modern European Restaurant,8.6,0.9842572979206096
1227,Hatabgy (حطبجي),26.298596,50.176641,Shawarma Restaurant,7.6,0.9862000676835916
1228,Cafe De Paris,26.278431,50.218478,Restaurant,8.4,0.9841570259328428
1230,Seven (سڤن),26.326303,50.212711,American Restaurant,9.1,0.9815248862539638
1231,Maharaja by Vineet,26.322251,50.216843,Indian Restaurant,8.8,0.976423549
1232,SALT Albahar (سولت البحر),26.334776,50.225894,Burger Joint,9.4,0.998220172
1233,Shrimp Anatomy (شرمب اناتومي),26.321716,50.220701,Seafood Restaurant,8.7,0.9865760876377172
1234,The Butcher Shop & Grill (ذا بوتشر شوب & جريل),26.319597,50.221847,Import and Export Service,8.7,0.9814747502600804
1235,The Town (ذا تاون),26.320413,50.222382,Burger Joint,8.6,0.983054034
1236,ALDENTE (آل دِنتي),26.316602,50.223052,Italian Restaurant,8.8,0.9928430868731434
1237,House of Agapi,26.317751,50.204029,Greek Restaurant,8.3,0.9682764498702732
1238,Slider Code (سلايدر كود),26.319632,50.222711,Burger Joint,8.4,0.9681009738916811
1239,The View Club Lounge,26.322273,50.216897,Café,7.9,0.9572966672098066
1240,Fatté w Snobar (فتة وصنوبر),26.319992,50.222427,Lebanese Restaurant,8.2,0.9798327964603988
1242,THNDR (ثندر),26.319494,50.207294,Burger Joint,7.9,0.9951493425917802
1243,Raftaar (رافتار),26.31347,50.223866,Indian Restaurant,8.5,0.9689908877831116
1244,Soul Bowl (سول بول),26.310087,50.223501,Salad Restaurant,8.6,0.9857739117355828
1245,Ib Burger (آيبي برجر),26.310115,50.224215,Burger Joint,8.5,0.9966408884098116
1246,بن عاقول,26.320448,50.222322,Middle Eastern Restaurant,8,0.9655315042051564
1249,Lascala Urban Eatery,26.309383,50.221987,Restaurant,8.3,0.995500295
1250,Zankil (زنكيل),26.31801,50.222732,Lebanese Restaurant,7.9,0.9691788977601744
1251,Pikniq (بك نك),26.318169,50.203807,Restaurant,7.7,0.9856611057493452
1252,CHEF BELAL & TEGAN (الشيف بلال وتيقن),26.319855,50.221988,New American Restaurant,7.8,0.9752202850231252
1253,دجاج كنتاكى,26.312923,50.222949,Fried Chicken Joint,8,0.995174411
1254,Lucca (لوكا),26.314524,50.21645,Steakhouse,7.8,0.9860496597019416
1255,Manoosha Al Reef (منؤشة الريف),26.301421,50.21546,Bakery,8.7,0.9800584084328742
1256,Mugalat Al Freej (مقلط الفريج),26.305793,50.22753,Middle Eastern Restaurant,8.4,0.9918027650000628
1258,Shrimpail (شرمبيل),26.30376,50.203928,Seafood Restaurant,8.7,0.9777270847172956
1259,مشويات ملتقى الرافدين,26.209816,50.208331,Kebab Restaurant,7.3,0.8827444443051778
1260,طازج المقرمش للمنتو واليغمش,26.216204,50.2076,Dumpling Restaurant,,0.8997405462316533
1261,تاكو الشيف,26.213938,50.207858,Taco Restaurant,,0.9061078174548464
1262,ورق عنب - ذوق المحاشي,26.213676,50.207482,Middle Eastern Restaurant,,0.980083476
1263,برجر مشوي على الفحم,26.212948,50.20751,Burger Joint,,0.9503277640600128
1264,Miltezon Burger,26.212073,50.207562,Burger Joint,,0.2043668450672449
1265,مجبوس امي,26.209969,50.207937,Restaurant,,0.9745309151072284
1267,Baba Shena,26.208664,50.208102,Turkish Restaurant,,0.5522354386272765
1269,بروستد الشام,26.207651,50.20825,Fried Chicken Joint,,0.9328553701916448
1270,Grilled Burger (كيو برجر),26.206822,50.208349,Burger Joint,,0.1398418209392978
1271,Herfy (هرفي),26.249815,50.202502,Fast Food Restaurant,,0.8994647982652946
1272,Cowboy 63,26.206114,50.208553,Burger Joint,,0.365641803
1274,اسماك الربان,26.249475,50.201293,Seafood Restaurant,,0.900868606
1275,Medar (ميدار),26.325616,50.166719,Seafood Restaurant,9,0.9901858791973228
1276,GOAT (غوت),26.331465,50.161815,Burger Joint,8.9,0.996528082
1277,Noodlez (نودلز),26.329975,50.162502,Noodle Restaurant,8.6,0.966321146
1278,SECCO BY COFFÉA (سِكُّو),26.325081,50.206751,Pizzeria,8.5,0.9411779451762908
1279,The Sushi Bar (ذا سوشي بار),26.330083,50.162769,Sushi Restaurant,8.3,0.975909655
1280,Shrimplus (شرمبلس),26.328334,50.180888,Seafood Restaurant,7.8,0.9461664765676898
1281,Herfy (هرفي),26.334295,50.179795,Fast Food Restaurant,7.5,0.9739042151836858
1283,الرواق الشعبي,26.314534,50.210014,Middle Eastern Restaurant,7.8,0.9679881679054436
1285,Brasa de Brazil,26.335924,50.198676,Bar,7.9,0.9708960555506811
1287,IL FIGO (إليفقو),26.306458,50.183677,Italian Restaurant,9.1,0.9894839752829552
1288,Rayiq (شاورما رايق),26.323336,50.161884,Shawarma Restaurant,9,0.9985209881804394
1289,Mozon (مزون),26.323584,50.163473,Middle Eastern Restaurant,8.7,0.9980070942431344
1290,The Specialist (المختص),26.322872,50.158817,Sandwich Spot,8.8,0.9914643470413496
1291,Sama Deeraty (سماء ديرتي),26.297298,50.193583,Middle Eastern Restaurant,8.5,0.9818382362157352
1292,Aloft Hotel Restaurant,26.304773,50.174145,Restaurant,8.1,0.9868393016056052
1293,Stakt (ستاكت),26.300008,50.174213,Burger Joint,8.3,0.9918905029893588
1294,Fuddruckers (فدركرز),26.290354,50.180236,Burger Joint,9,0.9728388253136632
1296,Bawabt Dimashk (بوابة دمشق),26.297043,50.21525,Middle Eastern Restaurant,8.4,0.9807227103518292
1297,McDonald's (ماكدونالدز),26.285986,50.220167,Burger Joint,7.7,0.9962398004587444
1298,Al Gidr Al Khaliji (الجدر الخليجي),26.291255,50.20237,Theme Restaurant,8.6,0.9737538072020356
1299,Rokn Warda (ركن وردة),26.292376,50.184731,Egyptian Restaurant,7.6,0.9773134627677575
1300,سعف,26.288858,50.188066,Restaurant,7.7,0.9771379867891656
1301,Applebee's Neighborhood Grill & Restaurant,26.310037,50.16857,Home Improvement Service,7.5,0.983379918
1303,Phuket Restaurant,26.280439,50.213999,Thai Restaurant,8.5,0.9761603349084392
1305,Karam Beirut (كرم بيروت),26.272358,50.221107,Middle Eastern Restaurant,7.8,0.9814496822631388
1306,Como Seafood Restaurant,26.278263,50.218935,Seafood Restaurant,7.9,0.9792060965368562
1307,Jollibee,26.280486,50.214989,Fast Food Restaurant,7.7,0.9946981186468296
1308,حارة ورد,26.281726,50.197316,Restaurant,7.6,0.9748693330659414
1309,Classic Restaurant,26.282556,50.212145,Indian Restaurant,6.9,0.9666846320644747
1310,It’s Djaj (اتس دجاج),26.202423,50.195493,Fried Chicken Joint,7.2,0.8329970043743654
1311,Shawerma Shack (شاورما شاك),26.201994,50.195757,Shawarma Restaurant,6.5,0.8888234335635411
1312,Hashi Basha,26.188187,50.186758,Middle Eastern Restaurant,8.2,0.9279044407956584
1313,Flafel Gate,26.152568,50.156413,Falafel Restaurant,8.5,0.9938332727523408
1314,McDonald's (ماكدونالدز),26.159504,50.160313,Fast Food Restaurant,8.2,0.9388180201832343
1315,McDonald's,26.154622,50.161477,Fast Food Restaurant,7.6,0.9982703082110224
1316,KFC (كنتاكي),26.157418,50.161569,Fast Food Restaurant,7.4,0.9919907749771254
1317,Kudu (كودو),26.156818,50.161431,Fast Food Restaurant,6.9,0.908426607
1319,منتو صح,26.153765,50.144573,Restaurant,,0.9769799306493188
1320,Icon Sandwiches,26.153783,50.144471,Sandwich Spot,,0.9935326564191752
1321,Golden Plate,26.153879,50.144754,Fast Food Restaurant,,0.9993444119844268
1326,Tathleth Bukhari Restaurant (مطاعم تثليث البخاري),26.155025,50.143378,Middle Eastern Restaurant,,0.6259916306342657
1330,معجنات أبو ماهر,26.152449,50.158332,Sandwich Spot,,0.98210145
1331,بيج برجر,26.144333,50.161939,Burger Joint,,0.4513868869307998
1332,Big,26.144102,50.16194,Burger Joint,,0.6421418096586993
1333,كرسبي,26.145493,50.162062,Fast Food Restaurant,,0.3127984658385871
1334,MAKBOUS EXPRESS (مكبوس اكسبرس),26.146791,50.162237,Middle Eastern Restaurant,,0.239800459
1335,جدو ابو جباره,26.153887,50.161613,Theme Restaurant,,0.8595941491295138
1336,Friends Burger,26.153169,50.162597,Burger Joint,,0.3834024792248975
1337,مضغوط عالم حاشيكم,26.155067,50.161556,Mediterranean Restaurant,,0.9720491834099996
1338,المشوي العنابي,26.155104,50.161586,Middle Eastern Restaurant,,0.9946354486544752
1339,Shrinpy (شرنبين),26.15533,50.161494,Restaurant,,0.945226427
1340,Fun Burger,26.156881,50.161887,Burger Joint,,0.9357507238384116
1341,فن برجر,26.156994,50.162016,Burger Joint,,0.51123673
1342,Al Lahib,26.156889,50.121837,Fast Food Restaurant,,0.8803429844307707
1343,بروستد اللاهب,26.156953,50.121803,Fast Food Restaurant,,0.9992131467779392
1345,مطاعم شواية روان البخاري,26.157608,50.119801,French Restaurant,,0.9971039200274746
1346,Azure Restaurant,26.100892,50.158251,Restaurant,7.9,0.9765960600842434
1347,Blu,26.119354,50.161745,Seafood Restaurant,,0.091632759
1348,the Galley Restaurant,26.120989,50.095147,American Restaurant,,0.2723136507777346
1349,Phi (فاي),26.328618,50.213492,Burger Joint,8.7,0.940137623
1350,Crowd (كراود),26.330374,50.212529,Restaurant,7.5,0.9120990687239136
1351,محيوف حوف,26.343948,50.204245,Middle Eastern Restaurant,6.1,0.059110337
1352,Arabian Food Supplies,26.353431,50.210908,Fast Food Restaurant,,0.8662497023175363
1353,كازاباستا,26.342554,50.209983,Italian Restaurant,,0.9542759735783312
1354,Addict (أدكت),26.307566,50.223901,Steakhouse,8.8,0.988380983
1355,Raising Cane's,26.305268,50.223538,Fried Chicken Joint,8.1,0.9791684945414436
1356,صب واي,26.270154,50.205663,Deli,7.5,0.8820676083877518
1358,كشري العمدة,26.27093,50.212421,Falafel Restaurant,7.2,0.9482471203138512
1359,Shawarmer,26.267114,50.213059,Shawarma Restaurant,6.9,0.4171314691099608
1360,بروستد فواز,26.267751,50.21296,Restaurant,6.6,0.3537846408382738
1362,أوريا,26.255812,50.221162,Restaurant,,0.9007683341062632
1363,Bluemar Restaurant,26.258651,50.219415,Restaurant,,0.072885201
1364,مزبن البطاطس الحنون,26.262569,50.218796,Fast Food Restaurant,,0.7645613727235125
1365,Tazij Broasted,26.260225,50.200361,Middle Eastern Restaurant,,0.8426231151999799
1366,بروستد فواز,26.266016,50.213002,Wings Joint,,0.9622225286088516
1367,AB's kitchen - cooked & baked with live ️,26.230347,50.197167,Comfort Food Restaurant,,0.9119611947407342
1368,Capri Restaurant,26.267693,50.215335,Buffet,,0.9256608550693756
1369,Marina Palm Restaurants (مطاعم مرسى النخلة),26.268769,50.216114,Middle Eastern Restaurant,,0.2907887645237707
1371,Chick Time (تشيك تايم),26.269138,50.21649,Fried Chicken Joint,,0.886717722
1372,شباب البخاري,26.269196,50.213062,Afghan Restaurant,,0.9523206698168782
1373,Belgravian (بلجرافيان),26.281752,50.222159,Brasserie,8.9,0.9907373751300402
1375,معجنات بابل,26.217784,50.206773,Restaurant,8,0.90357595
1376,Ocean,26.255244,50.22137,Seafood Restaurant,6.9,0.5539024604238998
1377,برجر كنج,26.224707,50.195048,Burger Joint,6.6,0.8611483649398994
1378,هارون الرشيد,26.250671,50.211539,Lebanese Restaurant,,0.1384881491044458
1379,Popeyes Louisiana Kitchen,26.216027,50.212836,Fried Chicken Joint,,0.9378940375769276
1381,مضغوط بصاماتي,26.217723,50.20726,Middle Eastern Restaurant,,0.9200080217590212
1382,بروستد الخبير,26.21737,50.207294,Fried Chicken Joint,,0.5207375
1383,Mashwyat antar (مشويات عنتر),26.217017,50.207328,Restaurant,,0.899853352
1384,شاورما العصريات,26.217124,50.206887,Middle Eastern Restaurant,,0.6941328353157941
1386,spice Best Grill,26.215467,50.208029,BBQ Joint,,0.7434791872955392
1388,D.Tandoori Restaurant,26.255567,50.221226,Asian Restaurant,,0.8843863981048594
1390,Taslis Kitchen & Restaurant,26.186434,50.18592,Restaurant,,0.834225336
1391,KUDU (كودو),26.183975,50.184782,Fast Food Restaurant,,0.9922163869496008
1392,كشري ستيشن,26.19047,50.189618,Restaurant,,0.9669979820262462
1393,Maestro pizza,26.179117,50.163984,Pizzeria,7.2,0.6221686778262451
1394,Canton (كانتون),26.167524,50.161392,Chinese Restaurant,,0.03262569
1396,كودو,26.172174,50.16213,Fast Food Restaurant,,0.9998324701717124
1397,كودو,26.17218,50.162173,Fast Food Restaurant,,0.9781032686639692
1399,سوما,26.173178,50.162428,Lebanese Restaurant,,0.9986325565451344
1401,أيقونة للساندوتشات,26.178983,50.163866,Sandwich Spot,,0.240221512
1402,The Exit,26.179283,50.163883,Fast Food Restaurant,,0.9221077150883348
1403,Icon Sandwiches,26.179185,50.164207,Shawarma Restaurant,,0.3606617415492933
1404,مايسترو,26.1793,50.163955,Pizzeria,,0.987083509
1405,"Newport Beach, The Cheesecake Factory, Fashion Island",26.146948,50.092204,American Restaurant,,0.8119900229372172
1406,التنور الصيني,26.147316,50.091871,Chinese Restaurant,,0.259729516
1408,Dose&jouz,26.184872,50.164799,Vegan and Vegetarian Restaurant,,0.343684885
1410,نقطة لذيذة,26.184242,50.164788,Burger Joint,,0.946091405
1411,Natural Burger (برجر طبيعي),26.180051,50.165947,Burger Joint,,0.7233580174525719
1412,Azure Venue,26.100912,50.160074,Restaurant,6.3,0.940188619
1413,Melts (ميلتز),26.323429,50.162923,Burger Joint,8.4,0.9738039431959188
1414,SALT (سولت),26.307406,50.178473,Burger Joint,9,0.9319654563002144
1415,BLU Sea Bites (بلو سي بايتس),26.303767,50.174202,Seafood Restaurant,8.8,0.9804344283869998
1418,صب واي,26.333493,50.147988,Deli,8.8,0.972397435
1419,Five Guys,26.338478,50.153112,Burger Joint,8.8,0.9941480491771018
1422,كبدة وشاورما,26.298221,50.180767,Sandwich Spot,8.7,0.965230688
1423,Volo Burger,26.298034,50.178146,Burger Joint,8.5,0.974230099
1424,Earth Bar (ايرث بار),26.339406,50.152586,Salad Restaurant,8.5,0.9838631161379195
1425,SMOG (سموج),26.304438,50.178447,Burger Joint,8.2,0.969993608
1426,CHICK-ED (تشيك-اد),26.333136,50.148926,Fried Chicken Joint,8.3,0.9689587670509276
1427,McDonald's (ماكدونالدز),26.332052,50.151085,Burger Joint,8.1,0.9986087261697354
1428,تشيليز (ردهة مطاعم مجمع الظهران),26.304122,50.169474,American Restaurant,7.9,0.9963400724465112
1429,Azal - at Dahran Mall,26.304307,50.169898,Middle Eastern Restaurant,7.9,0.9912387350688744
1430,Freshhouse (فريش هاوس),26.31157,50.136342,Vegan and Vegetarian Restaurant,8.3,0.988014052
1431,Chick N Dip,26.30394,50.170939,Fried Chicken Joint,7.8,0.967436672
1432,Herfy (هرفي),26.324323,50.164933,Fast Food Restaurant,7.4,0.9765363548625648
1434,صب واي,26.338957,50.152561,Deli,8.1,0.9825166495768988
1435,Saldwich (سالدوتش),26.339046,50.152519,Sandwich Spot,8.2,0.9621332173300604
1436,Oriental Gate (السور الشرقي),26.333465,50.149769,Chinese Restaurant,8.2,0.965468311
1438,Yasumi Ramen Shop (يسومي),26.339165,50.152447,Ramen Restaurant,7.7,0.9849195745165668
1439,Streat Hub (ستريت هب),26.331605,50.161772,Burger Joint,8.3,0.9390847674316584
1440,Roshaz (‎بخاري روشاز),26.322478,50.157064,Afghan Restaurant,8.2,0.958199115
1442,مشويات المعلم الشامي,26.322841,50.158707,Lebanese Restaurant,7.7,0.9562688793351968
1446,دجاج كنتاكى,26.330575,50.163112,Fried Chicken Joint,7.1,0.982276926
1447,شاورما رايق,26.32352,50.1616,Sandwich Spot,8.9,0.9925422709098428
1448,Thermo (ثيرمو),26.328026,50.179788,Steakhouse,7.1,0.9670355840216588
1449,Burger King (برجر كنج),26.330667,50.163206,Fast Food Restaurant,6.7,0.9835052580123586
1450,Lahza (لحظة),26.323185,50.161273,Middle Eastern Restaurant,6.7,0.9860747276988832
1451,Days (دايز),26.322378,50.155641,Burger Joint,6.8,0.9843325019114348
1453,Novanta (نوڤانتا),26.3388,50.152919,Pizzeria,8.4,0.9315062817843788
1454,دكان التسعينات,26.333418,50.149485,Fast Food Restaurant,7.9,0.899885032
1455,مندي الدانة,26.337349,50.146324,Middle Eastern Restaurant,7.1,0.052812561
1456,Herfy Al-Rabwa District (هرفي حي الربوة),26.343592,50.135757,Fast Food Restaurant,,0.9005064785756455
1458,AlWalema Restaurant,26.345132,50.138189,Restaurant,,0.8554102062165325
1459,Eatz (إيتز),26.366761,50.177585,Sandwich Spot,5.2,0.070523775
1460,Al-Ennabi Grill (المشوي العنابي),26.359479,50.188315,Middle Eastern Restaurant,,0.955642179
1461,Shawirmarito (شاورماريتو),26.360024,50.189691,Doner Restaurant,,0.6319391349034256
1463,مطاعم دانة السور البخاري,26.36901,50.079502,Middle Eastern Restaurant,,0.9637800495085396
1464,عيش وزعفران,26.368172,50.07875,Restaurant,,0.940279029
1466,Subway (صب واي),26.305221,50.129076,Deli,8.3,0.9330440173589584
1470,Açaí Kitchen,26.304207,50.129225,Restaurant,6.9,0.8826203761107667
1471,Greens (جرينز),26.311985,50.130132,Salad Restaurant,6.4,0.9822277330026864
1473,Expec Basement,26.312155,50.130102,Diner,,0.8584418268237239
1474,Operation: Falafel,26.309202,50.129505,Falafel Restaurant,,0.8846869187848729
1475,Operation Falafel,26.308572,50.129494,Falafel Restaurant,,0.9351105600330648
1476,Dhahran Dining Out Side BBQ,26.307845,50.126317,BBQ Joint,,0.028724943
1477,Leen Cusine,26.314553,50.120709,BBQ Joint,,0.8747675139491631
1478,برجر كنج,26.314145,50.14782,Burger Joint,5.8,0.4347222653782017
1480,Samso cafteria,26.313061,50.141843,Restaurant,,0.8921264724116553
1484,Gulf Chef Restaurant,26.305761,50.141342,Restaurant,,0.7168836536474478
1485,شواية الشرقية,26.31497,50.144177,Middle Eastern Restaurant,,0.007457353
1486,سري دي موفي,26.3025,50.139128,American Restaurant,,0.8832403389129986
1487,Somali,26.322503,50.112113,Restaurant,,0.5639594957635875
1488,Graffiti,26.317368,50.144727,Sandwich Spot,,0.852758703
1490,مطاعم روابي نجد,26.314083,50.147836,Middle Eastern Restaurant,,0.881055215
1491,MTKTK (متكتك),26.334552,50.121529,Diner,,0.946824928
1492,Etlala,26.336029,50.122559,Lounge,,0.8715160177733586
1494,Shrimp & Chicken,26.32234,50.155541,Seafood Restaurant,,0.08109497
1495,Tako Hut,26.314554,50.131878,Mexican Restaurant,,0.9280297807803668
1496,Hamburgini (همبرغيني),26.299777,50.174575,Burger Joint,7.8,0.9652933582342104
1498,Casa Pasta (كازاباستا),26.305998,50.170044,Italian Restaurant,8.2,0.961420353
1499,هارديز,26.304178,50.169181,Burger Joint,7.3,0.94818445
1502,Ozi Burger,26.25853,50.07674,Burger Joint,,0.9715732190985022
1504,المذاق العالي,26.284708,50.060771,Fast Food Restaurant,,0.9941852414695748
