POI Name,POI Latitude,POI Longitude,Category,Rating,Popularity,Matched Population,Population Within 1km
Starbucks (ستاربكس),26.406848,50.13808,Coffee Shop,9.3,0.9851474380884316,426.0,2479
dr.CAFE COFFEE | د. كيف,26.407708,50.137617,Coffee Shop,8.3,0.7110482760049301,84.0,2586
Garden Gate (قاردن قيت),26.398221,50.127066,Coffee Shop,9.0,0.9819055609068972,,5814
Boss Cafe,26.412653,50.173107,Café,9.0,0.9951009332049012,139.0,13810
Coffee Valley (وادي القهوة),26.38801,50.149305,Coffee Shop,8.4,0.9350278097132028,,2690
La Mode Cafe at Novotel Business Park,26.40754,50.138548,Café,7.5,0.9732363877409398,84.0,2479
Starbucks (ستاربكس),26.430711,50.13335,Coffee Shop,8.2,0.9940651896964235,122.0,13477
ستاربكس,26.410375,50.126388,Coffee Shop,7.8,0.3971869206309749,,17814
ستاربكس,26.411754,50.169067,Coffee Shop,7.9,0.8923655345990119,240.0,12801
Lounge Cafe (لاونج كافيه),26.410375,50.126388,Café,7.7,0.341608923966069,,17814
Coffee Company,26.388844,50.154169,Coffee Shop,7.8,0.9913826140094668,69.0,453
قهوه الطريق,26.410087,50.156028,Coffee Shop,7.1,0.9400615231644036,,6675
كوستا كوفي,26.412672,50.115727,Coffee Shop,7.1,0.9285336979150484,1164.0,30770
Novetel Hotel Cafe,26.40754,50.138548,Café,6.0,0.8921169561569773,84.0,2479
مقهى الكهف الاسود,26.402387,50.139299,Coffee Shop,,0.9901086494940392,142.0,3276
دانكن دونتس,26.410003,50.133322,Café,,0.9231581891060496,69.0,7353
Nasj,26.399351,50.138238,Coffee Shop,,0.9561776921563144,127.0,3470
Derby Coffee,26.396463,50.147908,Coffee Shop,,0.956011973194958,,1676
Saudi Airlines Catering,26.410329,50.126577,Coffee Shop,,0.8543951775782245,,17814
Daily Break,26.411297,50.125908,Café,,0.1232431200737449,1755.0,19776
Fresh Berry,26.401876,50.16391,Café,,0.8911329998239236,,665
NOON Café,26.407082,50.123352,Coffee Shop,,0.9302219598338668,503.0,19402
Del Monte,26.41137,50.168991,Coffee Shop,,0.8598742607380708,240.0,13445
Kyan,26.430088,50.134441,Coffee Shop,,0.5238687091528654,,9890
Verocci Cafe,26.415074,50.170322,Café,,0.9936198199877784,219.0,12554
Pianolla,26.388011,50.149542,Café,,0.44564935939264,,2690
Nespresso office in Dammam,26.392554,50.162118,Coffee Shop,,0.8759593574247273,,739
Durbai Coffee,26.414136,50.119659,Coffee Shop,,0.1166868636650819,2231.0,29068
Silent Crack Coffee Roasters,26.386515,50.144083,Coffee Shop,,0.0986545691824876,,4506
OYO 411 Moon Hotel,26.429487,50.129455,Café,,0.2910439258821945,86.0,20669
abdullah fouad dammam 32236 saudi arabia (2781 طريق الأمير محمد بن فهد),26.411057,50.118435,Coffee Shop,,0.9553801696547868,1164.0,27159
Segafredo Zantti Espresso,26.40411,50.117096,Café,,0.9441112802825508,783.0,17665
Star Bucks,26.412578,50.11575,Coffee Shop,,0.915856197371283,1164.0,30770
Overloft Café,26.41581,50.11632,Café,,0.6221296958021315,1441.0,34356
Saadeddin Cafe,26.400607,50.117657,Coffee Shop,,0.9433862598266164,444.0,11683
Starbucks (ستاربكس),26.400343,50.117202,Coffee Shop,8.9,0.9902018664098022,242.0,13235
Starbucks (ستاربكس),26.401618,50.115742,Coffee Shop,8.9,0.9674258666583808,444.0,16646
Ojair Coffee (اوجير كوفي),26.411095,50.114829,Coffee Shop,9.4,0.996996343825415,1132.0,29523
Mafaz (مَفَاز),26.406929,50.112725,Coffee Shop,9.4,0.9971620627867714,328.0,19587
Tim Hortons (تيم هورتنز),26.400097,50.116794,Coffee Shop,8.5,0.9979595852882992,242.0,13496
Onda Coffee (اوندا كافيه),26.376212,50.122733,Coffee Shop,8.9,0.998291023211012,1546.0,11146
Road Cafe,26.389654,50.112863,Coffee Shop,8.8,0.9705227397487286,79.0,9212
كوستا كوفي - الشرقية,26.400957,50.116567,Coffee Shop,8.0,0.9910304612165844,444.0,13586
كواليس,26.380289,50.148443,Coffee Shop,7.9,0.9521590073434216,,4150
سينزيو,26.400281,50.116745,Coffee Shop,7.8,0.6322281950097878,242.0,13999
ستاربكس,26.380995,50.148118,Coffee Shop,7.7,0.9946348486260862,,4027
dip n dip (Dip N Dip),26.40031,50.1152,Café,7.7,0.9221431604677418,789.0,13847
Cafe Liwan (قهوة ليوان),26.401203,50.116266,Café,7.4,0.9221224455975722,444.0,16646
PIANOLLA (بيانولا),26.40071,50.115213,Coffee Shop,7.2,0.8870936001408611,290.0,13847
مقلط الفريج,26.400988,50.116677,Café,6.9,0.9788086878165492,444.0,13586
Oliver Brown Chocolate Cafe,26.400097,50.116794,Coffee Shop,6.9,0.9186837771494268,242.0,13496
Coffee Valley (وادي القهوة),26.413057,50.115566,Coffee Shop,6.4,0.9368921480284622,1164.0,30036
ديوانية شما,26.400727,50.116332,Café,6.0,0.9036551388414172,444.0,14350
Or Coffee,26.38349,50.140061,Coffee Shop,,0.9831588105521548,422.0,7590
Sq Coffee Roasters,26.380798,50.144406,Coffee Shop,,0.9764471926172202,644.0,5180
Roma House Cafe,26.396363,50.119375,Café,,0.4682699976177899,,8519
Sagafredo Cafe,26.397176,50.117682,Café,,0.8848046069871257,,9089
Freej cafe (فريج كافيه),26.399713,50.117427,Café,,0.8979999792851299,242.0,11168
Barkadelo,26.400266,50.117281,Café,,0.7345285813421164,242.0,13235
Mycrepe,26.400251,50.117345,Café,,0.5079493314275653,242.0,13235
Freej Cafe,26.398636,50.11712,Café,,0.4616515965986183,242.0,13060
Papparoti,26.400405,50.117186,Café,,0.9301287429181038,242.0,13235
Keep (كيب),26.406332,50.186919,Coffee Shop,7.9,0.9569774595652648,287.0,9084
Black Swan Cafe (مقهى بلاك سوان),26.388352,50.178233,Coffee Shop,9.0,0.9675294410092284,336.0,9808
Greenberry’s Coffee Co,26.405829,50.185635,Coffee Shop,7.8,0.9817995116109776,287.0,9497
7Degrees Truck,26.381041,50.183935,Café,8.7,0.8679323452340263,2022.0,16187
Kiara (كيارا),26.382683,50.212681,Coffee Shop,7.4,0.8384585677968377,,2258
Joffrey's Cafe,26.390953,50.184816,Coffee Shop,7.1,0.7355130279699484,95.0,7691
Mana (مانا),26.388691,50.178498,Coffee Shop,7.2,0.3554671721094988,336.0,9972
Boulevard Coffee (بوليڤارد كوفي),26.387051,50.187141,Café,6.5,0.9761467605067836,374.0,10933
Al Shathlya (ديوانية الشاذلية),26.406525,50.200045,Café,,0.3377180187708227,,1250
HOKM Cafe مقهى حُكم,26.406018,50.186901,Café,,0.1473257513552471,287.0,9084
Hokm,26.406324,50.186832,Coffee Shop,,0.9989570549258872,287.0,9084
Söt Kanel (سُوت كانيل),26.406255,50.186542,Café,,0.7688271601403708,287.0,9084
Oslo,26.405622,50.185532,Coffee Shop,,0.6018204585655065,287.0,9780
Nai (ناي),26.393831,50.193572,Café,,0.9994710963965816,,992
كوستا كوفي,26.390247,50.186065,Coffee Shop,5.8,0.9374838383849952,,7295
Cafe 88,26.393292,50.191055,Café,,0.9619565030674144,,2949
Café Jamoka by pattis france,26.386837,50.188733,Coffee Shop,5.8,0.1177790425859907,,12307
Solin Caffe,26.390647,50.187733,Coffee Shop,,0.1116396075328109,,6867
Segafredo Zanetti,26.391429,50.184987,Café,,0.5347832310861865,95.0,7513
Cafe 88 Dental College UOD,26.409084,50.177689,Café,,0.8750375457021823,397.0,13345
ESSSE Café,26.409114,50.177799,Café,,0.6599446912966473,397.0,13345
كاسبُن Kasbon,26.390247,50.186065,Coffee Shop,,0.805859650314885,,7295
Leaves Cafe,26.390047,50.185941,Café,,0.970261355948206,,9317
Coffee 88,26.389493,50.184432,Coffee Shop,,0.0761058005707924,,11329
UD - Miss Chuao,26.386898,50.188717,Coffee Shop,,0.4116808983039481,,12307
33 Speciality Coffee,26.386784,50.188795,Coffee Shop,,0.9831803666136948,,13415
Arabia,26.386652,50.188782,Coffee Shop,,0.8614855337878754,,13415
Bonheur Caffee (مقهى بونور),26.387128,50.187062,Coffee Shop,,0.9350412316025438,374.0,10933
Joffrey's (جوفريز),26.397602,50.175683,Coffee Shop,,0.5034645620358574,217.0,6227
Joffrey's | College of Engineering,26.387388,50.185517,Coffee Shop,,0.9555480226937642,374.0,11554
Solin Coffee,26.385669,50.189749,Coffee Shop,,0.4899518113160634,,12618
Papparoti Cafe [Dahran Mall],26.417607,50.213617,Café,,0.969622436934232,,0
"7864 King Saud Rd, As Safa, Dammam 34222, Saudi Arabia",26.392225,50.178397,Café,,0.9685030399071972,669.0,8101
11:11 Make A Wish (١١:١١ ميك أ وش),26.391426,50.178134,Café,,0.5456814674414028,669.0,7243
Swan Coffe,26.390842,50.177933,Coffee Shop,,0.8337010222788429,669.0,8663
اولدن,26.413507,50.17321,Coffee Shop,,0.8672073247780919,1652.0,13097
هوبرا,26.416963,50.217311,Coffee Shop,,0.7687416519794948,,0
Kasbon,26.384635,50.183867,Coffee Shop,,0.4293156842639489,374.0,15662
Kasbon,26.384147,50.184023,Coffee Shop,,0.1734248930594827,1420.0,15662
شاهي ابو قحط,26.386477,50.178134,Café,,0.8779894147013434,112.0,12509
Cofféa,26.411983,50.169112,Coffee Shop,,0.3122145231954759,240.0,12569
مقهى جمريه,26.383819,50.178183,Café,,0.1334555510673336,428.0,13726
Best Cafe,26.42899,50.068337,Coffee Shop,8.6,0.9896529223503092,574.0,43974
Tim Hortons,26.430882,50.068133,Coffee Shop,8.4,0.991279039658619,498.0,49396
بن عفيف للقهوة والمكسرات,26.430661,50.078078,Coffee Shop,8.7,0.9834281038643592,1216.0,70709
Émilien Cafe,26.456673,50.062232,Café,8.9,0.976043252648914,832.0,14992
Dunkin Donuts (دانكن دونتس),26.429857,50.067426,Coffee Shop,7.9,0.9279536815503008,498.0,41296
Eleven Three Specilty Coffee,26.453003,50.080758,Coffee Shop,9.2,0.9832727423380874,1193.0,50860
Tim Hortons (تيم هورتنز),26.414039,50.05423,Coffee Shop,9.0,0.99770064941118,1017.0,23231
Barnie's (بارنيز),26.420721,50.073482,Coffee Shop,8.5,0.9910097463464148,1778.0,49632
Starbucks (ستاربكس),26.461041,50.062709,Coffee Shop,8.9,0.9770893535924764,,13378
8Oz COFFEE,26.453242,50.062816,Coffee Shop,8.2,0.974655356347554,380.0,18034
Starbucks (ستاربكس),26.462292,50.068479,Coffee Shop,8.9,0.9970067012604998,,22432
Dunkin' Donuts (دانكن دونتس),26.411861,50.072033,Coffee Shop,8.9,0.989342199297766,406.0,36510
دوز,26.429543,50.040595,Coffee Shop,8.3,0.9970688458710084,1243.0,43655
Starbucks (ستاربكس),26.412554,50.071022,Coffee Shop,8.7,0.9596785052149686,406.0,33931
Kav Specialized Coffee,26.46298,50.063263,Coffee Shop,8.5,0.9751732281017929,,12144
PappaRoti Cafe (باباروتي كافيه),26.462396,50.06472,Café,8.3,0.964691503796,,16002
Starbucks (ستاربكس),26.431259,50.08409,Coffee Shop,7.9,0.9854270888357208,1640.0,73432
Verocci Cafe,26.454256,50.061719,Café,7.7,0.9654061668168494,380.0,15233
Tim Hortons,26.436701,50.033922,Coffee Shop,8.0,0.9998037384117038,320.0,35213
مجلس و دلة,26.431419,50.039743,Coffee Shop,7.8,0.9861417518565704,1137.0,44736
Tim Hortons,26.427405,50.038187,Coffee Shop,7.7,0.9279226092450464,509.0,44057
Tim Hortons,26.414539,50.076121,Coffee Shop,7.9,0.9817087696402864,1697.0,43834
مجلس كرك وچباتي,26.443943,50.070307,Café,7.3,0.9481403225305284,1904.0,45540
ستاربكس,26.438295,50.08364,Coffee Shop,7.6,0.97508001118603,2898.0,74883
Majlesi Karak & Chapati,26.443974,50.070418,Café,7.2,0.962889310091249,1904.0,45540
مقهى الأصايل,26.415575,50.065251,Café,7.5,0.964732933536339,1641.0,24868
مقهى فرجان الأول,26.462273,50.064516,Coffee Shop,7.5,0.92430786440046,,16002
Mado,26.462122,50.06728,Coffee Shop,7.4,0.7171902350102021,,20153
Café Liwan (قهوة الليوان),26.462581,50.064908,Café,7.3,0.9598338667412402,,16002
ستاربكس,26.433101,50.044451,Coffee Shop,6.6,0.941843001998985,1616.0,32219
أروما كافيه,26.445943,50.071318,Coffee Shop,6.5,0.921024557478586,1356.0,42604
مقهى دار المزاج,26.434344,50.05502,Café,,0.9427958860267844,702.0,24790
مقهى ديوانية المجلس,26.43705,50.054068,Coffee Shop,5.5,0.8962910024961419,180.0,22643
مقهى وتين,26.442311,50.068725,Coffee Shop,,0.941335487679831,1445.0,43238
Daily Coffee,26.443111,50.068751,Coffee Shop,,0.9009829205895452,1445.0,45260
وادي القهوة,26.426443,50.059359,Coffee Shop,,0.9731120985199224,836.0,12209
Seattle's Best Coffee & Cinnabon,26.429839,50.07054,Café,,0.9434484044371252,2779.0,46437
ديوانية المساء,26.434011,50.046165,Café,,0.5392184279485028,1616.0,27967
Damamm,26.4297,50.043278,Café,,0.9180623310443402,1243.0,34435
ديوانيتنا الجديدة,26.431509,50.079571,Café,,0.9003821893546282,1216.0,77063
محمصة و قهوة قلم المختصة,26.439188,50.041122,Coffee Shop,,0.6484997255279703,1140.0,31848
أرت سويت,26.42691,50.04423,Coffee Shop,,0.99561880495914,513.0,37512
N48 Cafe,26.432556,50.080952,Café,,0.9017079410454796,1528.0,71108
قهوة وترويقة,26.427161,50.04235,Café,,0.950988617178842,178.0,39063
Majlis & Dalla (مجلس و دلة),26.431603,50.039694,Café,,0.9032304840029416,1137.0,44736
UMQ Coffee (قهوة عُمق),26.45869,50.08524,Coffee Shop,9.5,0.999906783084237,1415.0,46023
Starbucks (ستاربكس),26.422585,50.091569,Coffee Shop,8.3,0.9801344395074004,2333.0,56859
بوفية عزيز,26.423848,50.094082,Café,8.1,0.9648468653222716,2333.0,63490
TREEPICA Café,26.458456,50.080743,Coffee Shop,8.1,0.9546447917637676,810.0,42842
bREw’s (بروز),26.421533,50.090762,Coffee Shop,7.8,0.9774518638204436,2333.0,60357
Brighton Cafe,26.417279,50.091732,Coffee Shop,7.8,0.9806212389563848,1589.0,39153
Keen Cafe,26.461207,50.077944,Coffee Shop,7.4,0.9811080384053692,336.0,35261
مستوصف الفارابي (مجمع الفارابي الطبي),26.413929,50.078945,Coffee Shop,6.8,0.9950491460294772,1697.0,38390
Rawaq Hajer (رواق هجر),26.45821,50.080808,Café,6.0,0.8785901459362604,534.0,42842
Kayan (كيان),26.435393,50.088411,Coffee Shop,,0.9834591761696132,1862.0,75488
المذاق المغربي,26.44928,50.088435,Coffee Shop,,0.8750479031372671,1533.0,65639
Pianolla Cafe,26.449388,50.088466,Coffee Shop,,0.7420170069084092,1533.0,66393
مقهى فرجان الاول,26.457264,50.071643,Coffee Shop,,0.9524283006556256,1817.0,31996
Rochen Café,26.420432,50.092025,Café,,0.9105739054780474,2333.0,47323
Dose (دوز),26.447072,50.097542,Coffee Shop,,0.9713927642958498,3756.0,81249
Brighton Cafe,26.417295,50.091669,Coffee Shop,,0.9551523060829216,1589.0,39153
Les Galets Family Coffee Shop,26.456756,50.089895,Coffee Shop,,0.1828812312918828,1854.0,55917
Joffrey’S,26.425652,50.099228,Coffee Shop,,0.9449088027840784,1898.0,67524
Ocaso Caffee,26.423561,50.030331,Coffee Shop,8.6,0.9853960165304664,1029.0,46268
Le 42 Cafe,26.423576,50.030267,Coffee Shop,8.6,0.9627650208702316,1029.0,47668
Dip N Dip,26.423853,50.030312,Coffee Shop,8.5,0.9914965457953993,1029.0,50754
One O One Cafe (101 Cafè),26.421524,50.026367,Coffee Shop,8.8,0.9977731514567733,842.0,52343
ستاربكس,26.428619,50.039654,Coffee Shop,7.5,0.6220571937565381,509.0,47470
C House Cafe,26.411431,50.047636,Coffee Shop,8.0,0.9638939812944722,1939.0,39062
نويمي كافيه,26.421585,50.02564,Coffee Shop,7.8,0.9975660027550778,1815.0,55960
La Maison Du Cafe,26.436486,50.058066,Café,,0.8890511553718837,1531.0,23231
وادي القهوة,26.426907,50.036257,Café,,0.9725838693305988,1952.0,44911
5 O’clock Cafe,26.426307,50.036594,Café,,0.8939087924266435,509.0,42501
Zawia,26.432137,50.032256,Coffee Shop,,0.5461393765208078,2267.0,41002
Fluffy Clouds (فلفِي),26.423653,50.027433,Café,,0.9933919564159132,946.0,51392
بارنز كافيه,26.42276,50.027962,Coffee Shop,,0.7322603030585506,842.0,47487
Barn’s,26.422582,50.027884,Coffee Shop,,0.980569451780961,842.0,47487
بارنز,26.422463,50.027913,Coffee Shop,,0.976136469564677,842.0,46300
Bati Cafe,26.422834,50.027505,Café,,0.9393054304032148,842.0,50816
Sahar Cafe,26.442426,50.068446,Coffee Shop,,0.5545060021336317,1445.0,43238
Kiwan (كيوان),26.425922,50.0237,Café,,0.7922801654532016,1195.0,52128
قهوه الدوانيه,26.418006,50.029727,Café,,0.9129146858072068,1858.0,49093
dr.CAFE COFFEE | V12 Station | د.كيف كافيه (dr.CAFE COFFEE | د. كيف),26.45616,50.09686,Coffee Shop,9.0,0.9887621829330184,1915.0,42449
CORE COFFEE & ROASTERY (Core Coffee & Roastery),26.458855,50.093134,Coffee Shop,9.0,0.9788397601218034,909.0,42838
Starbucks (ستاربكس),26.411946,50.093566,Coffee Shop,9.1,0.9796062103180768,271.0,23007
Starbucks (ستاربكس),26.45491,50.11388,Coffee Shop,9.2,0.99885032470559,2750.0,23525
Starbucks (ستاربكس),26.412921,50.100693,Coffee Shop,8.9,0.9922319236864184,35.0,17491
Tim Hortons (تيم هورتنز),26.411544,50.092832,Coffee Shop,9.0,0.986846057442335,271.0,21787
Location Coffee (لوكيشن كافيه),26.456777,50.101138,Coffee Shop,8.6,0.947518876425442,804.0,36141
Caribou Coffee (كاريبو كوفي),26.458773,50.093211,Coffee Shop,8.5,0.9385286227718568,909.0,42838
Zaffron Lounge (ديوانية زعفران),26.421009,50.100572,Café,8.0,0.9594609990781884,1041.0,50284
قيصرية الواحة,26.429371,50.117122,Café,8.2,0.9948627121979512,,45580
المذاق المغربي,26.459282,50.095385,Coffee Shop,8.2,0.9877885840350497,553.0,41669
ستاربكس,26.428519,50.107585,Coffee Shop,7.7,0.9473220851588312,2553.0,59244
3.C Café,26.458341,50.092317,Café,8.0,0.9940134025209996,2928.0,42248
كوخ الكرك,26.46131,50.092482,Café,8.1,0.9412319133289831,909.0,39666
Cafficha (كافيشا),26.461947,50.092263,Coffee Shop,8.1,0.9906161638131932,1634.0,39666
Morth Coffee (مورث),26.459396,50.088284,Coffee Shop,8.0,0.96330360749464,754.0,47620
Avenue cafe,26.421009,50.101281,Café,7.7,0.9604035256709028,1690.0,49563
قهوة الطريق,26.439674,50.118311,Coffee Shop,7.8,0.9658515365254948,1645.0,57395
Tim Hortons,26.456027,50.105241,Coffee Shop,7.8,0.9518793565961324,,27721
Lulia (لوليا),26.4139,50.096175,Café,6.5,0.9513821997120632,226.0,21626
وناسه كافيه,26.420415,50.107059,Café,6.4,0.9467524262291686,1082.0,32189
Reds Caffe,26.438697,50.105965,Café,,0.8999575345161525,2522.0,76952
karak Cup,26.436514,50.10737,Café,,0.9248775233301224,2522.0,74255
Coffee eltgaa,26.44643,50.103275,Coffee Shop,,0.9780629524904452,704.0,67255
انتقاء القهوة,26.446984,50.103129,Coffee Shop,,0.965012584283628,704.0,65054
مقهى زمن الطيبين,26.4462,50.10446,Café,,0.9534536867290184,704.0,70640
Starbucks (ستاربكس),26.411037,50.109414,Coffee Shop,9.2,0.9986846057442336,160.0,21421
شغف,26.406726,50.103451,Coffee Shop,8.2,0.9665765569814292,247.0,13480
صبا كافيه,26.421007,50.097969,Coffee Shop,,0.9407554713150836,1041.0,49720
Habits (هابيتس),26.452591,50.124033,Coffee Shop,9.0,0.9546344343286828,645.0,29119
Troy (تروي),26.452454,50.124545,Café,9.0,0.9916208350164164,645.0,27428
Marsa Café,26.460289,50.112737,Café,8.5,0.9743032035546716,285.0,15967
Tim Hortons (تيم هورتنز),26.459142,50.121581,Coffee Shop,8.8,0.991134035567432,623.0,20959
Ratio Speciality Coffee (ريشيو للقهوة المختصة),26.452074,50.130308,Coffee Shop,9.2,0.9975142155796538,513.0,16765
017 Cafe,26.451996,50.130228,Coffee Shop,9.1,0.9976695771059256,513.0,16765
Cereza Cafe & Roastery (مقهى ومحمصة سيريزا),26.464125,50.122635,Café,9.0,0.9341267128608272,448.0,13178
Coffee Address (عنوان القهوة),26.463766,50.121752,Coffee Shop,8.9,0.9958259536608356,448.0,14101
Dose (دوز),26.457896,50.120312,Coffee Shop,8.4,0.9737542594951786,,23144
Park Coffee,26.451734,50.127202,Coffee Shop,8.4,0.972811732902464,808.0,23218
Butlers Chocolate Cafe,26.461372,50.121171,Café,8.3,0.9433966172617012,623.0,16938
Scarface,26.454049,50.120242,Coffee Shop,7.9,0.9734228215724658,75.0,33889
View Cafe,26.451949,50.126317,Café,8.0,0.9710509689380522,701.0,23218
Icons Coffee Couture,26.451596,50.127771,Coffee Shop,8.0,0.9775761530414608,808.0,22061
ستاربكس,26.464957,50.091795,Coffee Shop,7.8,0.9753700193684036,1253.0,32532
ستاربكس,26.440571,50.127659,Coffee Shop,7.4,0.9717656319589016,842.0,34845
Spar Cafe,26.460941,50.121048,Café,6.5,0.9186319899740027,623.0,18609
بكلو,26.408554,50.059054,Café,8.6,0.9811805404509628,683.0,22064
Coffee Valley,26.409276,50.058686,Coffee Shop,7.7,0.9973381391832128,683.0,23453
Noimi91 Coffee,26.421905,50.025553,Café,,0.0380327575147612,1815.0,53306
ACE (ايس),26.467515,50.059517,Coffee Shop,8.7,0.9618949963231106,,3385
Tim Hortons (تيم هورتنز),26.468223,50.060633,Coffee Shop,8.7,0.922132803032657,,3385
18/11 (١٨/١١),26.467816,50.059567,Coffee Shop,7.1,0.4548467617479207,,3385
Derby Coffee (دربي كافية),26.464688,50.084722,Coffee Shop,6.4,0.6109643807807434,2065.0,34494
شاي عزوز,26.462051,50.061742,Café,,0.9791919129146858,,12265
زيرو زون كافيه,26.463256,50.062361,Café,,0.7316077846482097,,12144
Coffee Valley (وادي القهوه),26.462855,50.061874,Café,,0.8904286942381588,,12265
كوفي شوب الجوكر,26.463795,50.063225,Coffee Shop,,0.8934634227179982,,12144
Night Cafe,26.468101,50.121206,Café,8.7,0.9341992149064204,508.0,11841
Drinks Aroma (نكهة المشروب),26.467662,50.123004,Coffee Shop,8.6,0.9604553128463268,531.0,12078
W Cafe,26.481548,50.126741,Coffee Shop,8.7,0.9456856104154368,640.0,10413
Starbucks (ستاربكس),26.479495,50.13308,Coffee Shop,9.4,0.9983013806460967,407.0,8202
Crafter (كرافتر),26.468162,50.123622,Coffee Shop,8.4,0.9868978446177588,172.0,12581
قهوة أبو حيان,26.463514,50.132736,Coffee Shop,9.1,0.9935473179421848,262.0,10384
1/2 M (هاف مليون),26.490092,50.133491,Coffee Shop,9.2,0.9998549959088132,625.0,5735
Estikanah Zaman (استكانة زمان),26.493727,50.124478,Café,8.8,0.998104340060866,700.0,5019
Al Fishawi Cafe (مقهى الفيشاوي),26.476194,50.11821,Café,7.5,0.9877367968596256,72.0,7315
7 Grams | ٧ جرام (٧ جرام للقهوة المختصة),26.451182,50.131134,Coffee Shop,9.2,0.9967063356430412,273.0,17692
24 Cafe,26.451228,50.130944,Coffee Shop,8.3,0.9795854954479072,273.0,17692
ستاربكس,26.457594,50.132462,Coffee Shop,7.7,0.9260789857999564,230.0,10576
Kefaf (كفاف),26.495487,50.132631,Coffee Shop,7.8,0.9594817139483578,278.0,4070
زين,26.456455,50.129331,Coffee Shop,6.3,0.9752043004070472,879.0,16377
Perfect Coffee,26.47489,50.125242,Café,,0.4629048462438762,184.0,11563
حلويات سعد الدين,26.471884,50.12435,Coffee Shop,,0.9410454794974572,165.0,11741
القهوه المثاليه,26.474997,50.125272,Coffee Shop,,0.952086505297828,184.0,11563
La Mode Coffe,26.467689,50.113884,Café,,0.1224455975722172,,6024
La’Abeille Caffee,26.467998,50.121348,Coffee Shop,,0.9585806170959824,614.0,11841
Pronto,26.478703,50.124947,Café,,0.9924494298231986,385.0,11594
Thermocup (ثيرموكب),26.370711,50.054375,Coffee Shop,8.9,0.9718795637448342,249.0,27938
Piccolo (پكلو),26.390649,50.036907,Coffee Shop,9.4,0.9984463847372836,,18004
ADAM (ادم),26.370354,50.05709,Coffee Shop,9.0,0.983200240292494,1244.0,30346
Zelebrity Cafe,26.378192,50.058436,Coffee Shop,9.3,0.9972863520077888,963.0,18719
Dazzling Cafe (دازلنق كافيه),26.391126,50.038872,Café,9.2,0.995846668531005,59.0,17557
Moroccan Taste (المذاق المغربي),26.360928,50.044353,Coffee Shop,8.2,0.997835296067282,1270.0,33144
The Coffee Lab (مختبر القهوة),26.384123,50.054619,Coffee Shop,8.9,0.9980320873338926,1364.0,14994
3 Gram (٣ جرام),26.350862,50.040623,Coffee Shop,8.8,0.9942101937876104,1314.0,30010
Starbucks (ستاربكس),26.391992,50.037006,Coffee Shop,8.9,0.9992853369791505,59.0,21149
بيت الكرك,26.392409,50.031289,Café,9.0,0.9999454885474416,687.0,22175
Tim Hortons (تيم هورتنز),26.390998,50.039098,Coffee Shop,8.7,0.9971206330464324,59.0,17557
Boho Specialty Coffee (مقهى بوهو للقهوة المختصة),26.390437,50.038466,Coffee Shop,8.7,0.9954841583030378,,17259
Starbucks (ستاربكس),26.391323,50.047295,Coffee Shop,9.0,0.9954945157381226,48.0,11285
UMQ COFFEE (قهوة عُمق),26.347979,50.049508,Coffee Shop,9.5,0.9998860682140674,592.0,27345
Starbucks (ستاربكس),26.356493,50.015745,Coffee Shop,9.0,0.9998637468174614,,873
ستاربكس,26.377213,50.041764,Coffee Shop,7.8,0.9764782649224746,1168.0,19845
Arabia Cafe (ارابيا كافيه),26.396395,50.042434,Coffee Shop,9.3,0.982744513148764,241.0,22722
Chemistry Coffee (كيمستري كوفي),26.345615,50.046554,Coffee Shop,9.1,0.9986224611337248,711.0,24023
ستاربكس,26.345684,50.046775,Coffee Shop,8.9,0.987902515820982,711.0,24023
Kafeena (كافينا),26.378439,50.04884,Coffee Shop,8.0,0.9919108431987904,691.0,19495
قهوة الطريق,26.376112,50.046317,Café,7.7,0.9913308268340428,1417.0,18967
Patchi Café,26.391421,50.038953,Café,8.2,0.9804140902546892,59.0,17557
Dunkin’ Donuts Drive-Through,26.350529,50.018764,Coffee Shop,8.5,0.9999057119833198,,471
ستاربكس,26.38441,50.031037,Coffee Shop,7.9,0.9875162411426842,264.0,11313
Tutti Cafe (أنواع القهوة),26.390575,50.039118,Café,8.2,0.9940548322613388,,15916
Crépe & Dip,26.390482,50.03855,Café,8.1,0.989570062869631,,17259
كرك و چباتي Kark wa Shapaty,26.372248,50.063735,Coffee Shop,8.4,0.9878300137753888,500.0,28320
Art Café,26.391894,50.036045,Coffee Shop,8.1,0.9953184393416814,181.0,21942
L’ETO (لِتو),26.390649,50.036907,Café,8.1,0.9983635252566054,,18004
Molten Chocolate Cafe,26.392602,50.03645,Café,8.2,0.97577395933671,181.0,23223
وادي القهوة,26.396111,50.03789,Coffee Shop,8.3,0.9924183575179444,1000.0,26989
barn’s (بارنز),26.382694,50.055268,Coffee Shop,7.9,0.9943448404437124,1364.0,16851
Dozeto coffee (جرعة القهوة),26.386485,50.060802,Coffee Shop,8.2,0.9826616536680856,937.0,15176
Kyan (كيان),26.392297,50.031051,Coffee Shop,7.9,0.9995924619975394,687.0,22384
ديوانية وقت القهوة,26.374046,50.043193,Café,7.2,0.979647640058416,960.0,22953
مقهى ديوانية كيف النشاما,26.356911,50.060981,Coffee Shop,7.9,0.9737024723197548,646.0,32722
مقهى بوهيثم,26.364224,50.028799,Café,7.3,0.996840422557918,95.0,14728
Starbucks (ستاربكس),26.396443,50.043428,Coffee Shop,7.9,0.9991921200633876,241.0,22953
Sever,26.369747,50.057648,Coffee Shop,7.6,0.8763115102176097,1244.0,32474
blue star Cafe,26.392161,50.037537,Café,7.4,0.98891754445929,59.0,21709
Mêler Bakery & Coffee,26.378166,50.058582,Coffee Shop,7.3,0.944794870998146,963.0,18719
Bogotá Café,26.349178,50.01883,Coffee Shop,7.3,0.9893629141679354,,388
Cafanna,26.438299,50.056284,Café,6.7,0.8708220696226786,1605.0,17521
قهوة الديوانيه,26.436835,50.054243,Café,6.6,0.9022465276698878,180.0,22643
Sweet Evolution,26.431205,50.041103,Coffee Shop,,0.4283006556256408,1243.0,43325
Damnam,26.429645,50.040476,Café,,0.3341204983997762,1243.0,43655
Wacafe,26.429634,50.0406,Coffee Shop,,0.8974717500958063,1243.0,43655
Noimi Coffee,26.424784,50.024794,Coffee Shop,,0.9535246094904642,1195.0,53651
مقهى أبو هيثم,26.437816,50.013521,Café,5.8,0.9832888296439488,,20324
البشيري,26.421223,50.030949,Coffee Shop,,0.7229282540471678,1476.0,48157
لقيمات ذوق,26.421971,50.026664,Café,,0.263607080342624,842.0,51485
ستاربكس,26.423894,50.017174,Coffee Shop,,0.9921267597407728,2612.0,44196
Cup And Dessert,26.418901,50.018957,Café,,0.9996501800061306,1400.0,47190
الديوانية المخملية,26.438959,50.054984,Coffee Shop,,0.5989393986473189,1605.0,19081
بيت سعود بن نايف للقهوه العربيه,26.416855,50.020909,Café,,0.8203917181949062,1400.0,46714
مقهى وديوانية الركن المديني,26.42157,50.01498,Café,,0.997549911253472,1385.0,43915
7Up COffee,26.472272,50.086213,Café,8.2,0.97831153093248,215.0,19059
Back Team Coffee,26.454762,50.105609,Coffee Shop,,0.9653647370765104,298.0,29309
Ben’s Cookies,26.458233,50.092459,Coffee Shop,,0.96445328278905,2928.0,42248
Paradise Café (بارادايز كافيه),26.472918,50.086161,Café,6.2,0.9577934520295394,215.0,17090
حكايات,26.459292,50.09079,Café,,0.2037514629877057,909.0,48646
Griffiths | Café,26.454715,50.096413,Coffee Shop,,0.9302633895742058,3010.0,45818
All Day (اول دي),26.404895,50.102219,Café,9.4,0.991745124237434,247.0,15155
Onda (اوندا),26.40564,50.101155,Coffee Shop,8.8,0.97646790748739,565.0,14684
Starbucks (ستاربكس),26.399071,50.104867,Coffee Shop,9.0,0.988544676796238,717.0,18443
Bitten (بيتن),26.400442,50.096558,Coffee Shop,8.7,0.9888036126733576,475.0,15298
UMQ Coffee (قهوة عُمق),26.397581,50.092256,Coffee Shop,9.6,0.9996374897720328,264.0,14812
Pages Coffee,26.400216,50.0973,Coffee Shop,8.5,0.9913929714445516,475.0,14798
Otten (اوتن),26.391985,50.104063,Coffee Shop,9.5,0.9999896425649152,523.0,15422
Coffee Warehouse (مستودع القهوة),26.39495,50.104782,Coffee Shop,8.9,0.989425058778444,764.0,15639
Karak Albait (كرك البيت),26.392967,50.09158,Café,9.0,0.956975214657842,822.0,15383
Chart (تشارت),26.384994,50.100857,Coffee Shop,9.4,0.997876725807621,123.0,11633
Coach Cup (كوتش كب),26.395831,50.089747,Café,8.2,0.95684056800174,768.0,16076
Dunkin' Donuts (دانكن دونتس),26.403195,50.077633,Coffee Shop,8.0,0.9707609607556784,931.0,23171
Time Out Cafe,26.403023,50.105907,Coffee Shop,6.9,0.9479124589586636,835.0,15730
30Days Cafe,26.414911,50.108156,Coffee Shop,,0.942713026546106,224.0,29949
Barn’s (بارنز),26.412571,50.110463,Coffee Shop,,0.9758671762524728,160.0,25082
Joffrey's (جوفريز),26.406669,50.107963,Coffee Shop,,0.9190255725072244,351.0,15725
Road Café (قهوة الطريق),26.416832,50.109514,Coffee Shop,,0.9434173321318708,1526.0,27498
Cherry Coffee,26.378167,50.148073,Coffee Shop,8.0,0.9023708168909051,,4485
Tim Hortons,26.370732,50.174518,Coffee Shop,8.0,0.912583247884494,85.0,8337
Starbucks (ستاربكس),26.3612,50.160909,Coffee Shop,7.6,0.9250950294669028,181.0,7446
Paul,26.37856,50.170423,Coffee Shop,7.5,0.8875803995898456,53.0,5154
كوستا كوفي,26.371093,50.17491,Coffee Shop,6.8,0.8725828335870905,85.0,9510
Mix & Match,26.3782,50.148084,Coffee Shop,,0.9506778941262986,,4485
Coffee Mania,26.379695,50.148952,Café,,0.8752757667091321,,4150
ستاربكس,26.380989,50.148114,Coffee Shop,,0.76205864379745,,4027
Bikers House Coffee,26.373415,50.139492,Coffee Shop,,0.4158717335239101,213.0,7529
Costa Coffee (كوستا كوفي),26.384796,50.167527,Coffee Shop,5.9,0.9260064837543632,,1282
زحله,26.382165,50.163196,Coffee Shop,,0.3525878051559312,,1719
Scratch Cafe,26.384671,50.167316,Café,,0.1258842660203627,,1282
OLABS (اولابز),26.384396,50.167753,Coffee Shop,,0.96538545194668,,1822
مقهى سيراميك,26.366643,50.131107,Café,,0.8790976602554144,,6090
joffrey's at DOB 3rd floor,26.384335,50.168003,Coffee Shop,,0.6082921625288713,,1822
Cafe Jamoka,26.384658,50.167859,Coffee Shop,,0.9541994220551224,,1822
The Cafe,26.376607,50.170921,Coffee Shop,,0.8682223534164,109.0,7101
Mission POP UP,26.376607,50.170921,Coffee Shop,,0.952966887280034,109.0,7101
Varnda,26.374677,50.125266,Café,,0.6512548032605205,349.0,11203
Mai Ward Cafe,26.374677,50.125266,Café,,0.4486633730023097,349.0,11203
Tag,26.384157,50.125883,Coffee Shop,,0.4162342437518773,549.0,9772
Scratch Cafe,26.357353,50.140232,Café,,0.8763322250877793,,8707
The Cafe (المقهى),26.377345,50.172381,Coffee Shop,,0.9156076189292484,109.0,7875
720 Cafè,26.372068,50.124125,Café,,0.8814177257144041,349.0,10045
Classique Café,26.372369,50.176052,Café,,0.9034583475748066,288.0,11405
Spark Coffee,26.352667,50.141761,Coffee Shop,,0.9077670405700732,279.0,15923
ستاربكس,26.359594,50.170134,Coffee Shop,,0.9524904452661342,,7913
Marilyn House Cafe (مقهى بيت مارلين),26.419603,49.997131,Café,8.9,0.9956947404464672,399.0,17997
Coplant (كوبلانت),26.421752,50.003258,Coffee Shop,8.8,0.999738742029895,37.0,20771
Barn’s (بارنز),26.406767,50.014042,Coffee Shop,8.9,0.995473800867953,48.0,25931
GRAPH Cafe,26.412126,50.013902,Coffee Shop,8.7,0.998570673958301,252.0,30891
Camel Coffee Shop,26.400879,50.017201,Coffee Shop,8.4,0.9956084475240552,610.0,23482
Graph,26.412417,49.997186,Café,,0.9992378576184782,604.0,20017
Marituyn Coffee,26.419573,49.997257,Coffee Shop,,0.1284770551192985,399.0,17997
هبره,26.420314,49.996698,Coffee Shop,,0.8154390583210193,1006.0,17997
La Vanir (لا فانير),26.410827,50.011687,Coffee Shop,,0.929010139928948,252.0,24498
Dh,26.403464,49.996209,Coffee Shop,,0.688852292618256,,15547
ديوانية ليالي الشعبية,26.406566,50.013681,Café,,0.0671161793493459,48.0,24598
ديوانية ليالي تراثيه,26.406551,50.013744,Café,,0.988140736827932,48.0,24598
Al Fanad Coffer (الفنار للقهوة),26.406921,50.014357,Coffee Shop,,0.9078188277454972,119.0,25790
مجلس ابو نايف,26.408231,50.015373,Café,,0.9275393841469098,1858.0,31416
AHG Cafe,26.402222,50.010447,Coffee Shop,,0.9680990999388912,87.0,14224
Coffee Valley (وادي القهوة),26.407077,50.015382,Coffee Shop,,0.986058892375892,1858.0,25790
Rzon (رزون),26.412388,50.017471,Coffee Shop,,0.9110192751866928,1999.0,38676
مقهى التراس الشرقي,26.40384,50.01629,Café,,0.9789329770375664,853.0,24962
ليالي الخليج,26.402139,50.016275,Café,,0.9137225657438192,610.0,24458
Sequares Coffee House,26.396319,50.013432,Café,,0.9331892673515718,92.0,13104
مقهى رواقة,26.420751,50.02361,Coffee Shop,,0.7608517172698109,1815.0,51680
PIANOLLA Café (بيانولا كافيه),26.397094,50.017137,Coffee Shop,,0.9998665207429184,,19228
اصناف,26.397651,50.018648,Café,,0.111549314986743,1825.0,20480
اسناف,26.397313,50.018856,Coffee Shop,,0.5797283054534739,1825.0,20480
ستاربكس,26.394829,50.019426,Coffee Shop,,0.8202341065841411,642.0,19051
Brother’s Coffee,26.421796,49.973727,Coffee Shop,,0.9838570262831982,,10102
كوستا كوفي,26.422729,50.028128,Coffee Shop,,0.9561362624159752,842.0,47289
Dose Cafe,26.402912,50.028095,Coffee Shop,,0.9924908595635376,426.0,44782
Bling,26.362172,50.206266,Café,9.4,0.983806073975659,444.0,26683
TITLE (تايتل),26.360902,50.206339,Coffee Shop,9.3,0.9944975746712958,227.0,25120
Starbucks (ستاربكس),26.360292,50.20691,Coffee Shop,9.3,0.9961896644648608,227.0,25047
The HUB (ذا هب),26.360464,50.206327,Coffee Shop,9.2,0.995324818570372,227.0,25047
RATIO Speciality Coffee (ريشيو للقهوة المختصة),26.362719,50.198088,Coffee Shop,9.0,0.9952872165749596,1260.0,36954
Blue Sky (بلو سكاي),26.362892,50.2063,Coffee Shop,8.7,0.9947733226376546,444.0,25944
8Oz Coffee,26.382682,50.178364,Coffee Shop,9.0,0.9917140519321797,428.0,14484
Hûge (هيوج),26.360886,50.206747,Coffee Shop,8.8,0.991852900993946,227.0,25120
ستاربكس,26.372478,50.178446,Coffee Shop,9.2,0.9980838745093163,240.0,14340
Repeat (ريبيت),26.361046,50.206477,Coffee Shop,8.7,0.9893461012997756,227.0,25120
Tim Hortons (تيم هورتنز),26.379411,50.181882,Coffee Shop,8.5,0.9378657469264312,1011.0,18747
Ripoz Specialty Coffee (قهوة ومحمصة ريبوز),26.362829,50.198276,Coffee Shop,8.1,0.1891505709236303,1881.0,36954
Lounge EXIT-7 (مقهى مخرج ٧),26.360069,50.206666,Café,8.2,0.9942092927064664,227.0,25047
4Squares Cafe (مقهى الأربعة مربعات),26.379854,50.178398,Café,8.1,0.9772654299889176,329.0,13176
Destination 35 (دستينيشن 35),26.360166,50.206765,Café,8.0,0.9171878721030796,227.0,25047
8Oz Speciality Coffee,26.38262,50.17838,Coffee Shop,8.0,0.3245813006866979,428.0,14484
Vedette (فيدت),26.361034,50.206318,Coffee Shop,7.9,0.4601105498665129,227.0,25120
Olabs,26.36298,50.198744,Coffee Shop,7.7,0.8973340185252497,1881.0,36954
Seven Degrees Coffee,26.361687,50.195161,Coffee Shop,7.6,0.9618590426531968,1190.0,35456
Joffrey's on MBO,26.373923,50.178657,Coffee Shop,7.7,0.9990678308423702,240.0,17465
Art Coffee,26.366803,50.195176,Coffee Shop,7.4,0.9439869910615336,2512.0,38895
The Piato,26.366828,50.185837,Café,7.2,0.5259194812996509,340.0,26158
Three Seeds,26.382547,50.212795,Coffee Shop,,0.9934053612344428,,2258
8Oz Coffee,26.381662,50.212494,Coffee Shop,,0.9832650858599912,,2258
August,26.380593,50.212048,Coffee Shop,,0.1746117617747727,,2258
Jucie Bar Dahran Expo,26.381169,50.212867,Coffee Shop,,0.8247241502912812,,2258
Wacafe,26.380455,50.212616,Coffee Shop,,0.9937538069900124,42.0,2568
Nouveau Waffle,26.380256,50.212727,Café,,0.3806466529217387,42.0,2765
Rajokark,26.380917,50.213558,Café,,0.8008707835537777,42.0,2455
Suavis,26.380702,50.214913,Café,,0.5100598442606273,42.0,2293
Oaisis Cafee,26.366584,50.20711,Café,,0.9828268819843594,,17717
Choco Art,26.365133,50.20276,Coffee Shop,,0.3120840279257486,1234.0,29557
Valen Specialty Coffee & Bakery,26.466374,50.03705,Coffee Shop,9.2,0.9985374796138746,,0
Boho Specialty Coffee (بوهو قهوة مختصة),26.467374,50.04036,Coffee Shop,9.1,0.99865680930624,,0
Starbucks (ستاربكس),26.466708,50.008118,Coffee Shop,8.6,0.9998334626771512,,691
Blue Sky,26.465265,50.0248,Coffee Shop,7.5,0.9957414390998026,,0
Jibal Speciality Coffee,26.4689,50.045131,Coffee Shop,7.9,0.9469877650800704,,0
Karak Time (وقت الكرك),26.458437,50.027556,Café,,0.9339556342434226,,20
Rainbow - Boofia,26.458316,50.016388,Café,,0.8188388475281334,,0
Halit Coffee,26.458285,50.01604,Café,,0.181735914916326,,592
اوقات المزاج,26.461112,50.029944,Café,,0.5090689420999048,,0
مقهى أوقات المزاج,26.461196,50.030121,Café,,0.998444235000348,,0
Derby Coffee (دربي كافيه),26.463358,50.025068,Coffee Shop,,0.996317703026849,,0
أثيل للقهوة,26.465265,50.0248,Coffee Shop,,0.7323337785610936,,0
Coffee Puzzle,26.463471,50.030075,Café,,0.940551341860991,,0
بلو سكاي,26.465482,50.025013,Coffee Shop,,0.175222330761599,,0
Hexa Coffee,26.464064,50.03014,Coffee Shop,,0.7968229900905967,,0
Barn’s,26.467107,50.018323,Coffee Shop,,0.9718779691659098,,0
Manto Rose (مانتو روز),26.467348,50.018435,Coffee Shop,,0.999265418731046,,0
Joffrey's,26.467425,50.015634,Café,,0.1321139004331268,,0
دربي كافيه,26.466905,50.01921,Coffee Shop,5.4,0.7439271836932884,,0
بارنز,26.443905,50.004707,Coffee Shop,,0.9999185382074512,509.0,11152
Brunch,26.468617,50.036891,Coffee Shop,,0.3117829100488503,,0
Costiera Coffee,26.467667,50.04129,Coffee Shop,,0.9935686920012587,,0
Victoria Maple,26.467916,50.042151,Café,,0.9782236417594882,,0
Candyclub,26.467992,50.043277,Café,,0.9743468137203444,,0
Inno Store & Coffee,26.468316,50.043393,Coffee Shop,,0.9981187950118712,,0
Cup Of Karak,26.462324,50.049516,Café,,0.4183543776297417,,156
Black (بلاك),26.403736,50.053885,Café,8.8,0.9875089332877606,1487.0,23547
VERDE (ڤيردي),26.398074,50.047147,Coffee Shop,8.8,0.9866803384809786,285.0,22042
OTTO Cafe (اُتّو كافيه),26.405553,50.058367,Coffee Shop,9.0,0.9911236781323473,202.0,22665
Beyalah Al-Arab (بيالة العرب),26.400524,50.047263,Café,8.5,0.9886586085821708,1527.0,25423
Eltegaa Coffee,26.405181,50.060962,Coffee Shop,9.1,0.997275994572704,202.0,16569
مقهى الفيشاوي,26.404134,50.054717,Café,8.5,0.9935369605071,962.0,23547
Graph Cafe (جراف كافيه),26.407486,50.066796,Coffee Shop,9.2,0.9995339154211852,,20353
Bogotá Café (بوقوتا كافيه),26.398316,50.046552,Coffee Shop,8.2,0.9890418336803074,285.0,22621
dōrā Specialty Coffee (دورا),26.39837,50.046504,Coffee Shop,8.1,0.9715274109519518,285.0,23968
Deera Lounge (ديوانية الديره),26.399248,50.047778,Café,8.1,0.9969756289552456,49.0,26439
COPLANT coffee & dessert (كوبلانت),26.398199,50.047318,Coffee Shop,7.9,0.9840599074045304,49.0,22042
المجدوعي للسيارات,26.40056,50.050688,Coffee Shop,7.8,0.9934955307667608,1050.0,21341
Luxurious (لكشرز),26.39806,50.046742,Coffee Shop,7.8,0.9710716838082216,285.0,23140
90 Coffee,26.406862,50.05962,Coffee Shop,7.4,0.9252503909931744,202.0,20502
Al Shathlya (ديوانية الشاذلية),26.406663,50.059732,Café,7.4,0.9074252452122756,202.0,20502
Alfanar Cafe (كافيه الفنار),26.398103,50.042752,Café,7.1,0.9702948761768636,1122.0,25655
ديوانية نايف للقهوة العربية,26.396375,50.039419,Café,6.6,0.971019896632798,1000.0,26934
Kahve Dünyasi,26.391037,50.038877,Café,6.0,0.9198645247490912,59.0,17635
إلتقاء القهوة,26.447015,50.103239,Coffee Shop,,0.229261825601508,704.0,66802
Segafredo,26.454967,50.105817,Café,,0.0358885125687474,298.0,29309
Ghmr Coffee Roasters (محمصة ومقهى غمر),26.401439,50.075771,Coffee Shop,9.3,0.9739614081968742,402.0,24667
Kiva Han Coffee,26.399323,50.075423,Coffee Shop,9.2,0.9994510559405068,521.0,21974
Kiva Han Coffee (كيفاهان كافيه),26.399511,50.075287,Coffee Shop,9.1,0.9994717708106764,521.0,21974
Wacafe (وكف),26.395581,50.077931,Coffee Shop,9.5,0.9999378553894912,129.0,17552
Piccolo (پكلو),26.400312,50.073604,Coffee Shop,9.3,0.998477457042538,521.0,20157
Starbucks (ستاربكس),26.400747,50.073338,Coffee Shop,9.2,0.9902743684553956,402.0,20621
Starbucks (ستاربكس),26.395243,50.078138,Coffee Shop,9.1,0.9934541010264218,129.0,18189
happiness Cups (أكواب السعادة),26.408046,50.071857,Coffee Shop,9.1,0.9955566603486312,214.0,28183
شاي بن بخار,26.408031,50.07192,Café,8.9,0.9699945105594052,214.0,28183
Gravity Cafe (قراڤيتي كافيه),26.393605,50.072297,Café,9.0,0.9810873235351998,512.0,13397
Frieze Cafe (فريز كافيه),26.404999,50.070413,Coffee Shop,8.8,0.988047519912169,130.0,23289
Dose (دوز),26.399474,50.066841,Coffee Shop,8.7,0.9884307450103056,451.0,13941
Starbucks (ستاربكس),26.387181,50.075059,Coffee Shop,9.1,0.9935162456369304,533.0,8966
Lute,26.391378,50.073892,Coffee Shop,8.4,0.9750696537509452,839.0,11103
The Garden (ذا قاردن),26.38441,50.096408,Coffee Shop,9.2,0.9931951651493024,618.0,12297
Tim Hortons,26.379768,50.086661,Coffee Shop,9.0,0.9961573915835482,46.0,10996
Caffé Bene (كافيه بيني),26.387319,50.074964,Coffee Shop,8.2,0.98568602471284,533.0,8966
LAMBDA (لامدا),26.381123,50.098818,Coffee Shop,9.4,0.992656578524894,747.0,11167
Road Café,26.377219,50.089819,Coffee Shop,8.8,0.9914861883603144,,13123
Frieze Cafe (فريز كافيه),26.361303,50.045037,Café,8.2,0.889869392743581,1270.0,29368
360 Coffee,26.363435,50.073519,Coffee Shop,8.5,0.2149789226196024,803.0,29339
Checkmate (تشك ميت),26.36128,50.069598,Café,8.0,0.918859853545868,707.0,32628
ديوانية شبرا,26.340871,50.035391,Coffee Shop,7.9,0.9864110451687744,255.0,11231
Manto Rose (مانتو روز),26.355189,50.070963,Coffee Shop,8.0,0.9661519021429532,854.0,23935
القهوة الشعبية,26.367614,50.050518,Coffee Shop,7.4,0.9049083884866752,340.0,29172
KYAN (كيان),26.360959,50.073285,Coffee Shop,7.8,0.9865456918248764,779.0,28095
كيف النشاما,26.363351,50.040042,Café,6.2,0.956892355177164,1533.0,32814
ديوانية الأجاويد,26.357805,50.062283,Coffee Shop,6.3,0.9554941014407192,685.0,34457
كيان,26.360741,50.042125,Coffee Shop,,0.9984049549969446,395.0,31879
كوفي طرقي,26.362434,50.0436,Café,,0.8641622388631679,91.0,30600
بلياردو كوفي شوب,26.365961,50.037339,Coffee Shop,,0.9658826088307492,395.0,24475
Blue Sky,26.34927,50.05166,Café,,0.9644014956136262,125.0,27745
كوڤ,26.347519,50.049471,Coffee Shop,,0.7705724554371356,592.0,26994
كوف,26.347242,50.049153,Coffee Shop,,0.8347781955276595,592.0,26058
Manto Rose (مانتو روز),26.346444,50.047498,Coffee Shop,,0.3119038001429326,592.0,27358
Turkistachio (تركستاشيو),26.382325,50.103675,Café,8.8,0.973412464137381,493.0,12214
KYAN (كيان),26.383775,50.097323,Coffee Shop,8.4,0.9895907777398004,829.0,11875
Park Coffee,26.382487,50.097539,Coffee Shop,8.5,0.9824337900962206,829.0,12538
8Oz Speciality Coffee,26.372696,50.099472,Coffee Shop,9.1,0.9978663683725362,452.0,13848
Starbucks (ستاربكس),26.371507,50.095822,Coffee Shop,9.1,0.9977627940216884,,15288
Woods Café & Roastery (مقهى ومحمصة وودز),26.368026,50.092919,Coffee Shop,9.4,0.9988399672705052,716.0,19590
Ratio Speciality Coffee (ريشيو للقهوة المختصة),26.37146,50.089934,Coffee Shop,8.7,0.9922215662513336,469.0,14331
دلة الفيصلية للقهوة العربية,26.403124,50.0715,Café,7.6,0.9537540523464768,558.0,21303
Joffreys (جوفريز),26.430124,50.116391,Coffee Shop,,0.9670633564304136,805.0,51860
ستاربكس,26.442515,50.111823,Coffee Shop,,0.965571885778206,4162.0,56129
Raslan Café (رسلان للقهوة),26.40654,50.073083,Café,6.9,0.9140954334068712,1325.0,25204
Saadeddin Coffee,26.43696,50.130681,Café,,0.925032884856394,159.0,24692
مقهى وناسة,26.421831,50.108579,Café,,0.9252918207335136,2175.0,42136
Kuba,26.413668,50.1157,Coffee Shop,,0.960672818983107,1441.0,30036
دربي,26.413832,50.11473,Coffee Shop,,0.9471252938922206,672.0,31118
Café Le Chef,26.450914,50.118721,Café,,0.8717231664750541,1657.0,42546
Sofa Sugar (صفة قند),26.375387,50.113311,Coffee Shop,8.6,0.9827963003241876,410.0,7426
One Cup Speciality Coffee,26.377264,50.10152,Coffee Shop,8.9,0.9163844265606064,244.0,12573
llama (لاما),26.366323,50.094173,Café,9.5,0.9999689276947455,33.0,20369
22 Cafe,26.377774,50.103692,Coffee Shop,8.1,0.9551108763425824,244.0,11198
Labiba,26.367464,50.09336,Coffee Shop,8.7,0.9811494681457084,716.0,21292
MINA (مينا),26.373081,50.100454,Coffee Shop,8.1,0.9527908108835929,452.0,13920
BRIGHT (برايت),26.372574,50.098952,Café,8.1,0.9292276460657284,452.0,14528
CHIMNEY Roasting & Beans (محمصه مدخنه للقهوة المختصة),26.377618,50.101249,Coffee Shop,7.9,0.8991600120146247,244.0,11266
مجلس المساء كافيه,26.365602,50.094777,Coffee Shop,8.3,0.9837906140923262,33.0,20369
Operations (اوبيريشنز),26.383302,50.097029,Coffee Shop,7.9,0.8978653326290278,829.0,12327
Third (ثيرد),26.387555,50.104488,Coffee Shop,7.1,0.003780463805943,483.0,11879
Coffee Valley (وادي القهوة),26.373408,50.091061,Coffee Shop,6.7,0.972034925271106,,14775
Al Jood Cafe (قهوة الجود),26.379,50.099583,Café,6.0,0.9206931195558732,747.0,13653
استراحة الجامعيين للمناسبات,26.377383,50.111484,Coffee Shop,,0.9660897575324446,72.0,10092
Joffreys,26.37892,50.110606,Coffee Shop,,0.8471656878890511,,9668
Derby Coffee (دربي كوفي),26.385984,50.118029,Coffee Shop,,0.4952925457539694,684.0,8542
مجلس نجد,26.378297,50.103673,Coffee Shop,,0.5483329708231054,313.0,11214
Derbi Coffee (دربي كافيه),26.38308,50.1046,Coffee Shop,,0.0011911050347491,493.0,12520
مهيّلة الجود,26.380293,50.101135,Café,,0.728500554122777,747.0,13588
BRIGHTaa,26.372573,50.098949,Coffee Shop,,0.8525722690033041,452.0,14528
Sova,26.467984,50.046665,Coffee Shop,9.0,0.9998279402750944,,0
Soren Coffee,26.471294,50.04801,Café,8.6,0.9894457736486136,,0
1 Oak - One Of A Kind (ون اوف كايند),26.480316,50.043749,Coffee Shop,9.0,0.9837595417870718,,0
Innovation Coffee,26.482686,50.044426,Coffee Shop,9.2,0.995888098271344,,0
Beta Bakery & Coffee,26.476692,50.042964,Coffee Shop,8.3,0.996295384378906,,0
Crepe Roll (كريب رول),26.468519,50.047048,Café,8.0,0.9915915957184334,,0
Lagomera Coffee,26.479411,50.046063,Coffee Shop,8.3,0.908233125148888,,0
Divided Coffee Lounge,26.482554,50.05163,Coffee Shop,8.6,0.9531222488063056,,0
Delle Rose (café & Restaurant),26.472966,50.04842,Café,8.0,0.9616257030109064,,0
Starbucks (ستاربكس),26.47625,50.055786,Coffee Shop,7.6,0.9568509254368248,,0
Lady Latte Cafe (مقهى ليدي لاتيه),26.482539,50.051931,Coffee Shop,7.4,0.8771608198945613,,0
Newflavor,26.476411,50.04656,Café,7.0,0.1110109892386249,,0
Fontaine Bleue Coffe,26.477072,50.046208,Coffee Shop,6.9,0.9384457632911786,,0
Coffee Time,26.473529,50.041101,Café,,0.0151526568797995,,0
Sova,26.468062,50.046918,Coffee Shop,,0.2680060654806735,,0
Kyan (كيان),26.465557,50.047956,Coffee Shop,,0.9868935076020192,,0
Il Forno,26.465526,50.048718,Coffee Shop,,0.7426238204613649,,0
La Rosetta (لا روزيتا),26.470267,50.047373,Coffee Shop,,0.9437694849247532,,0
Razgi Cafe (رازقي كافيه),26.470027,50.047716,Café,,0.9276533159328424,,0
Nightowl.sa,26.468306,50.050304,Coffee Shop,,0.1471170079441527,,0
Fb Cafe,26.476842,50.046446,Café,,0.580886389294555,,0
7Roofcafe,26.477641,50.045998,Coffee Shop,,0.0262457405048213,,0
Dèjavu Coffee,26.484493,50.052658,Coffee Shop,8.4,0.9890729059855616,,0
ستاربكس,26.490974,50.046496,Coffee Shop,8.4,0.9770026830203145,,0
Verocci Cafe Saihat5 ༄ ڤيروتشي كافيه,26.491997,50.046644,Café,8.3,0.984285166730548,,0
Once upon a time,26.492097,50.037669,Coffee Shop,7.6,0.8884630126485243,,0
iMint Cafe,26.488428,50.047114,Café,7.1,0.0360291299348409,,0
مقهى شقاوة زمان,26.445632,50.118176,Coffee Shop,7.7,0.8863478648147572,925.0,56582
Coffee Moments,26.434707,50.117195,Coffee Shop,,0.0118178334317289,2130.0,52892
7 Grams,26.451074,50.131148,Coffee Shop,,0.8701074066018292,273.0,17692
The Chimney Cake Cafe,26.451244,50.130881,Coffee Shop,,0.8692891692301319,273.0,17692
Joffrey's,26.452685,50.122573,Coffee Shop,,0.76459621539322,75.0,31595
107 Specialty Coffee,26.451961,50.130416,Café,,0.519684305378616,513.0,16765
Native,26.452915,50.121389,Coffee Shop,,0.907404530342106,75.0,31815
SKY by Archi (سكاي باي ارتشي),26.370253,50.177169,Coffee Shop,8.9,0.9982392360355882,87.0,11842
Brain Coffee,26.379903,50.182225,Coffee Shop,,0.656630312069519,1011.0,18585
كوستا كوفي,26.379323,50.182179,Coffee Shop,,0.7557406083957369,1011.0,18664
ستاربكس,26.376188,50.183976,Coffee Shop,,0.0176801416897119,1108.0,23984
Sky9,26.372591,50.186273,Café,,0.9183109094863748,436.0,27438
Stabucks,26.396269,50.116916,Coffee Shop,,0.916270494774674,,12064
Qadooacafe (قدوع كافية),26.400097,50.116794,Coffee Shop,,0.8983521320780122,242.0,13496
Segafredo,26.400005,50.116936,Café,,0.4341318915783695,242.0,12732
كيك وكرك,26.401111,50.116172,Café,,0.9483681861023936,444.0,14350
Brewhèmian Coffee (بروهيميان كوفي),26.345095,50.146177,Coffee Shop,9.2,0.9921904939460792,1349.0,24369
Graph Cafe,26.348718,50.142632,Coffee Shop,8.4,0.9983531678215208,938.0,20343
Studenttainment Coffee,26.342945,50.148161,Coffee Shop,8.8,0.9453023853173,2095.0,25541
Buzz Coffee,26.345095,50.146413,Coffee Shop,8.4,0.9909890314762452,1349.0,24251
Yakah Café (ياكا),26.343459,50.148298,Coffee Shop,8.5,0.9067727268019348,2095.0,26696
ستاربكس,26.344072,50.138527,Coffee Shop,8.3,0.9282436897326746,1370.0,23861
Third Coffee (قهوة ثيرد),26.343683,50.14773,Coffee Shop,8.1,0.870024547121151,1349.0,26598
Majlis Cafe (مجلس كافيه),26.345095,50.146413,Café,7.8,0.9519932883820652,1349.0,24251
Sunday Night (صنداي نايت),26.345325,50.146175,Coffee Shop,7.7,0.9661726170131228,1349.0,24369
ستاربكس,26.346513,50.136052,Coffee Shop,7.5,0.9963852551554132,811.0,22072
Glow Gate,26.343238,50.148379,Coffee Shop,7.5,0.6225957803809464,2095.0,26696
Dantella,26.348194,50.143148,Café,,0.3476265937503237,938.0,23109
مقهى ديواني,26.347794,50.140975,Café,,0.0880899853960165,938.0,22339
Lenore Store,26.347567,50.141256,Coffee Shop,,0.961366767133787,938.0,22555
قهوة ديوانيتي,26.347656,50.141071,Café,,0.1093745144952304,938.0,23047
Care Coffee,26.347702,50.141354,Café,,0.8875700421547608,938.0,22555
Caffe Latte,26.375052,50.11683,Café,5.7,0.1692404892852334,381.0,8588
ركن القهوة العربية الاصيلة,26.3455,50.137619,Coffee Shop,,0.6377279930398037,1370.0,22115
I Sweet Cafe,26.346078,50.145446,Café,,0.9027851142942962,894.0,25171
COFFEE Atoms,26.34484,50.138443,Café,,0.4058664512320169,1370.0,23633
Rossete,26.347472,50.128057,Café,,0.913639706263141,508.0,11229
Flat White (فلات وايت),26.345249,50.146255,Coffee Shop,,0.5177992521931869,1349.0,24369
3 Quarters Cafe,26.346406,50.151209,Coffee Shop,,0.2630892085883852,519.0,22548
Trending,26.34331,50.134826,Café,,0.5022320272607691,1235.0,20099
Coffee Latte,26.374918,50.116884,Coffee Shop,,0.4365658888232918,381.0,8588
Caf Dealer,26.343152,50.148477,Coffee Shop,,0.5068825156138334,2095.0,25949
Caffe Vergnano 1882,26.234771,49.988839,Coffee Shop,7.5,0.9963476308831556,98.0,683
كافيه فيرنيانو,26.235139,49.988742,Café,,0.9423935846484348,98.0,683
سايبم,26.249342,50.00411,Coffee Shop,,0.5554626163283177,,152
سايبم,26.249424,50.00432,Coffee Shop,,0.3236615459748242,,152
Starbucks (ستاربكس),26.469472,49.796828,Coffee Shop,8.7,0.9941637626339264,,0
Tim Hortons (تيم هورتنز),26.469627,49.797143,Coffee Shop,7.8,0.9671009132449724,,0
Dose,26.467214,49.796126,Café,7.8,0.9907956063565648,,0
ستاربكس,26.468302,49.797379,Coffee Shop,7.6,0.6016570260032608,,0
ستاربكس,26.468719,49.797802,Coffee Shop,7.4,0.6244981389886802,,0
Costa Coffee (كوستا كوفي),26.468502,49.797266,Café,7.2,0.3142578114313468,,0
Segafredo Zanetti,26.469472,49.796828,Coffee Shop,7.1,0.6812626806884782,,0
Tim Hortons,26.467421,49.796247,Coffee Shop,7.1,0.9644618412833657,,0
dr. CAFE COFFEE (د. كيف كوفي),26.468237,49.796207,Café,6.6,0.734160981073812,,0
Palma Specialty Coffee,26.468005,49.795971,Coffee Shop,6.6,0.0447923557740085,,0
Segafredo Zanetti Espresso,26.467266,49.796169,Café,6.1,0.9893276653638124,,0
Brioche Dorée,26.468672,49.797518,Café,6.0,0.2099322055163197,,0
Starbucks (ستاربكس),26.46587,49.792617,Coffee Shop,5.8,0.8236868294146547,,0
CoffeeTalk,26.470453,49.7949,Coffee Shop,,0.7890815240150052,,0
Segfaredo,26.469888,49.797014,Café,,0.7199644123178068,,0
Carvel,26.469923,49.798551,Café,,0.2922156653241122,,0
Segafredo,26.468564,49.797487,Café,,0.612129561659973,,0
Zn Caffe,26.468391,49.796047,Coffee Shop,,0.93492874765282,,0
مقهى نجر ومحماس,26.468284,49.796491,Café,,0.4795585488501633,,0
Prayer Room (المصلى),26.468189,49.795446,Coffee Shop,,0.700413836594668,,0
dipNdip,26.468021,49.795908,Coffee Shop,,0.9896746350856526,,0
Palma (بالما),26.468113,49.796002,Coffee Shop,,0.250750340473901,,0
Segafredo Cafe (سيجافريدو كافيه),26.467923,49.794149,Café,,0.940133191684993,,0
كوفي توك,26.467251,49.796233,Café,,0.6086397852930798,,0
Joffrey’s,26.477713,49.813416,Coffee Shop,,0.9875611074782868,,0
Coffee Talk (كوفي توك),26.468237,49.796207,Café,4.9,0.0305479431660847,,0
Al Dallah Cafe,26.458006,49.802334,Café,,0.9489197150898618,,0
بارنز كافيه,26.451736,49.802662,Café,,0.3255013202230999,,0
بارنيز,26.451747,49.802741,Coffee Shop,,0.6481551423424579,,0
بارنز (بارنز كافيه),26.451671,49.802623,Coffee Shop,,0.9554960306780886,,0
Derby Coffee,26.451566,49.802987,Coffee Shop,,0.9626356567249432,,0
Quill (كويل),26.456087,50.061768,Coffee Shop,,0.8756900641125231,832.0,15154
تمور القيصرية,26.450953,50.066296,Café,,0.4634952200437083,,31590
شاي ابو حمامة,26.41071,50.10459,Café,,0.8829402686718661,605.0,14814
Kayan,26.456125,50.116845,Coffee Shop,,0.9855099483163988,232.0,25421
Coffee Valley,26.456573,50.117939,Coffee Shop,,0.933577768801334,232.0,28002
Repeat By The Sea,26.49695,50.134677,Coffee Shop,9.0,0.9984497574024046,,2880
Ceven Specialty coffee,26.479403,50.133121,Coffee Shop,7.6,0.8763943696982879,407.0,8202
Sweet Evolution (سويت ايفلوشن),26.455512,50.118751,Café,8.2,0.8632404271406229,232.0,28920
Berries Tree,26.462541,50.12181,Coffee Shop,7.6,0.9019358046173446,448.0,15457
Love and Peace Land,26.496371,50.121413,Café,7.4,0.9381905022573772,,3017
Kunefeci (كنافجي),26.454913,50.120743,Café,7.4,0.874820039565402,75.0,28718
ستاربكس (سباركيز),26.452426,50.128381,Coffee Shop,7.4,0.1104724026142166,2088.0,19353
Jalstna Cafe (مقهى جلستنا),26.47023,50.123807,Café,6.8,0.9055505494619313,172.0,13467
مقهى سبورت تايم (مقهى سبورت تايم) (مقهى سبورت تايم),26.475966,50.124603,Café,6.2,0.8654258459435106,184.0,12202
كافيه منظر البحر كورنيش الدمام,26.485071,50.133802,Café,,0.8841935183171239,,7698
Mammoth Cafe,26.484701,50.127508,Café,,0.3164714290153186,150.0,9942
كنافة المملكة,26.441602,50.067373,Café,,0.1310629835627505,2032.0,40637
La Paniere,26.412856,50.096924,Café,7.8,0.9168919408797606,464.0,19178
محمصة وقهوة قلم المختصة,26.406494,50.113055,Café,,0.871547090078613,394.0,19051
Star,26.401555,50.115903,Coffee Shop,,0.9554008845249562,444.0,16646
Atayib Almagrib café,26.472103,50.086199,Café,6.5,0.85022113123906,215.0,19059
Crystal Caffe,26.459402,50.091091,Café,,0.4404395695449978,909.0,48646
كوفي اكسبيرينس,26.457634,50.099415,Café,,0.2296036209593056,804.0,27250
Durbai Coffee (دربي كافيه),26.480687,50.064328,Coffee Shop,5.9,0.8946441703176625,,0
Snow Cafe,26.455256,50.096849,Café,,0.9167987239639976,1915.0,41334
Verocci cafe,26.455495,50.10499,Café,,0.940134025209997,,27721
Joffrey's,26.455564,50.105398,Coffee Shop,,0.9529047426695252,,27721
The Coffee Street,26.456598,50.107635,Coffee Shop,,0.9255300417404634,,21490
Cariban Coffee,26.455398,50.106413,Coffee Shop,,0.970046297734829,,27363
Durbaie,26.461983,50.113909,Coffee Shop,,0.2426850614713772,,11935
1/OAK Coffe,26.468746,50.060118,Café,,0.765932324519156,,3385
باستري شوب,26.467761,50.059452,Café,,0.8602160560958684,,3385
Levels Cafe,26.467848,50.05947,Coffee Shop,,0.9664211954551576,,3385
Derby Coffee (دربي كافيه),26.459929,50.098411,Coffee Shop,6.7,0.8672487545184311,,27387
Western Corner,26.464688,50.084722,Coffee Shop,,0.6240251064226455,2065.0,34494
مقهى و محمصة كور,26.458567,50.092904,Coffee Shop,,0.4769288133486623,909.0,42838
Grambon,26.3594,50.189979,Coffee Shop,8.4,0.971685697454345,491.0,26170
Canary Resto-Cafe,26.348713,50.186756,Café,7.3,0.8635423586478322,1169.0,12926
Derby Coffee (دربي كافيه),26.355645,50.189483,Coffee Shop,7.1,0.9364150257573668,167.0,17448
Lark,26.354638,50.200259,Coffee Shop,7.2,0.9692917037464122,1097.0,29286
Oasis Cafe | Pearl Residential Compound,26.346887,50.190011,Coffee Shop,6.8,0.8756752691676172,1101.0,18583
Blue K,26.367045,50.177151,Café,,0.207935866761955,,9411
Coffee Juniors,26.368856,50.185068,Coffee Shop,,0.3499570166443981,1781.0,21181
Road Cafe,26.362929,50.178046,Coffee Shop,,0.900019679126661,,8071
Kasbon (كاسبُن),26.357303,50.176997,Coffee Shop,,0.8920858838517229,53.0,5024
Derby Rakah,26.358763,50.188251,Coffee Shop,,0.8877204416981062,491.0,18513
Seattle’S Best Coffee & Cinnabon,26.359749,50.189429,Café,,0.4989910131230964,491.0,25352
Detective Cafe,26.35211,50.211592,Coffee Shop,9.2,0.9666595640675332,,9004
Wogard Coffee Roasters (محمصة ومقهى ووقارد),26.346074,50.191229,Coffee Shop,9.1,0.9584121930737124,,17791
ستاربكس,26.345831,50.19578,Coffee Shop,9.1,0.9816502262386724,509.0,19105
Café Quindío (كافيه كينديو),26.351217,50.211122,Café,8.9,0.967023050023188,,9542
Kashida (كشيدة),26.351955,50.211275,Café,8.8,0.9724001353671836,,10148
Lapro Cafe,26.350858,50.211908,Coffee Shop,8.9,0.9839439479588384,,9542
WEBREW (ويبرو),26.343517,50.203178,Coffee Shop,9.5,0.9996866500382288,428.0,18648
Mocha Coffee Roasters (مقهى ومحمصة مخا),26.352279,50.211451,Coffee Shop,8.7,0.9692415677525288,60.0,10148
SWAJ Coffee Roasters (محمصة و مقهى سُواج),26.343818,50.203197,Coffee Shop,9.1,0.9945853126605918,428.0,17832
Carpet (كاربت),26.35154,50.211723,Coffee Shop,8.8,0.9736159332188562,,9004
Woods,26.351737,50.211276,Coffee Shop,8.6,0.9064587694120302,,9004
Onda,26.343997,50.185243,Coffee Shop,8.9,0.9897722572477846,180.0,14716
The Geeks Club,26.343993,50.203584,Coffee Shop,8.0,0.9673238659864885,428.0,17717
Atia Cafe,26.367219,50.195217,Café,,0.9585081150503888,2512.0,38218
بارنز,26.360357,50.192933,Café,,0.3403105924821077,677.0,35136
Road Café,26.410302,50.155617,Coffee Shop,7.6,0.8808169944794871,30.0,4841
Three Grams (٣ جرام),26.394154,50.078638,Coffee Shop,8.1,0.9527183088379994,129.0,15053
Country Way,26.464711,50.062922,Coffee Shop,,0.2818568809619985,,10324
Tilio (تِليو),26.368964,50.08007,Café,8.6,0.9818330588613036,891.0,24636
Sikkat Karak (سكة كرك),26.366198,50.075701,Café,7.9,0.995059503464562,863.0,27813
ICONS Coffee Couture,26.38818,50.074973,Coffee Shop,7.6,0.987488218417591,309.0,9125
تيم حورتنز,26.380173,50.18214,Coffee Shop,,0.7308931216273602,1011.0,18585
Brain Coffee,26.379518,50.181913,Coffee Shop,,0.8250525639830553,1011.0,18638
Road Cafe,26.409934,50.156187,Coffee Shop,,0.9243389367057142,,4841
Nass (نص إثراء),26.335985,50.120734,Coffee Shop,9.5,0.9990989031476244,74.0,1457
Blanco,26.360792,50.07441,Coffee Shop,8.4,0.998933184186268,779.0,25026
Three Sixty Coffee Lounge,26.363435,50.073519,Coffee Shop,8.6,0.9791504831743468,803.0,29339
Pattis France,26.335519,50.120624,Café,8.4,0.8675491201358896,74.0,667
Blue Sky,26.353892,50.077517,Coffee Shop,8.0,0.9857274544531792,472.0,18887
مقهى ميلان,26.366878,50.093681,Coffee Shop,7.8,0.4379227128193974,716.0,21381
Joffrey's (جوفريز),26.328878,50.109073,Coffee Shop,8.0,0.9919922116316802,36.0,202
ستاربكس,26.32877,50.109278,Coffee Shop,7.7,0.165489822429325,36.0,202
Beano,26.334877,50.121418,Café,7.7,0.8750789754425214,74.0,2216
Twenty Two Cafe,26.377743,50.103582,Coffee Shop,7.7,0.6476918455913577,244.0,11816
10°,26.335103,50.122491,Coffee Shop,7.4,0.9497042952283296,74.0,3453
NORM | Specialty Coffee,26.371546,50.089955,Coffee Shop,7.1,0.7059731328133901,284.0,14331
Razonah Cafe,26.378036,50.103564,Café,7.2,0.4532102870045262,313.0,11816
INNER CIRCLE (إنِر سيركل),26.335506,50.12296,Coffee Shop,7.0,0.900485763705476,,3453
Starbucks (ستاربكس),26.334401,50.122599,Coffee Shop,7.0,0.7741146982361288,74.0,3625
oosha’s Coffee Bar ️️,26.360322,50.079725,Coffee Shop,6.7,0.924121430568934,60.0,23241
Paul,26.328863,50.109372,Café,6.6,0.9356631253309148,36.0,202
بارنز,26.354367,50.099683,Coffee Shop,,0.9777625868729868,102.0,14474
Play Cafe,26.351299,50.093857,Café,,0.0177422863002206,180.0,15171
Caffee Valley,26.364311,50.095591,Café,,0.9135050596070388,517.0,17610
1 مليون,26.366769,50.093759,Coffee Shop,,0.4714083004484769,716.0,21381
حلم,26.367854,50.098909,Café,,0.9604345979761572,578.0,16174
Season Coffee (الزمن المناسب),26.367337,50.09355,Coffee Shop,,0.8721167490082756,716.0,21292
Blue Brown Coffee,26.361146,50.08072,Coffee Shop,,0.3301432433272224,60.0,19436
دلة السلطان,26.332385,50.090291,Coffee Shop,,0.7226683025192205,,150
الكرات الملونة,26.423964,50.032712,Coffee Shop,,0.8971920993485173,1029.0,46798
ستاربكس,26.34306,49.99533,Coffee Shop,8.7,0.9999348254761896,,4232
Tim Hortons,26.321822,50.021235,Coffee Shop,8.0,0.3562129074356026,50.0,2962
Starbucks (ستاربكس),26.366077,50.023986,Coffee Shop,7.9,0.6399328964527983,,8724
Tim Hortons - KFMMC,26.320817,50.021526,Café,7.9,0.999658018254211,50.0,2962
ديربي,26.361465,50.034502,Café,7.2,0.9253539653440224,1192.0,18834
Dose,26.321856,50.017809,Coffee Shop,6.5,0.9597988471413108,1239.0,2962
Moroccan Taste (المذاق المغربي),26.350481,50.018694,Café,,0.6574173557899141,,471
دانكن,26.35053,50.018749,Coffee Shop,,0.9793545635336453,,471
Dunkin’,26.350656,50.018905,Coffee Shop,,0.5017491635914904,,471
Barn’s (بارنز),26.350477,50.018443,Coffee Shop,,0.9982292176041452,136.0,471
ديوانية ال مطارد,26.345946,50.034878,Café,,0.1167800805808449,536.0,15085
Dose Cafe,26.347549,50.036009,Coffee Shop,,0.527856321660504,536.0,18741
Bogota Cafe,26.346532,50.007476,Coffee Shop,,0.2030266835087205,,2007
مقهي نغُم بيروت,26.363684,50.028308,Coffee Shop,,0.9471164090542454,95.0,13522
Tea four hundred,26.347749,50.046216,Coffee Shop,,0.5198085945996334,1110.0,30055
Prince Sultan Cafè,26.323138,50.020371,Coffee Shop,,0.9634486115858268,50.0,2962
ستاربكس,26.345893,50.046729,Coffee Shop,,0.1349366642844566,1110.0,24023
Home,26.350735,49.999826,Coffee Shop,,0.2771847048804164,,3485
48Avenue- قهوة ٤٨,26.321977,50.019379,Coffee Shop,,0.9815048138422444,50.0,2962
كوڤ,26.347504,50.049385,Café,,0.2516856725600472,592.0,26994
Coffeekov Roasters | Bakery,26.347926,50.049313,Coffee Shop,,0.2690654486323007,592.0,26994
CoffeeKov,26.347528,50.049394,Coffee Shop,,0.1039057887704688,592.0,26994
تكية كرك,26.356586,50.045722,Coffee Shop,,0.90029932987395,1862.0,33570
Coffeekov Roasters (‏ مقهى ومحمصة كوڤ),26.347705,50.049665,Coffee Shop,,0.1127924680732063,592.0,26994
ديوانية سلال البركة,26.358437,50.04442,Coffee Shop,,0.9075495344332928,1862.0,32452
شاي المزاج,26.358192,50.045195,Café,,0.821189240696434,1862.0,31359
Monroe (مونرو),26.372156,49.969886,Coffee Shop,9.2,0.9996578401122092,,7774
ستاربكس,26.372364,49.970428,Coffee Shop,9.3,0.9997006196415044,,6543
dr.CAFE COFFEE | د. كيف,26.373405,49.975118,Coffee Shop,8.4,0.3500629541110021,,4707
Coffee Valley,26.35913,49.966586,Coffee Shop,8.4,0.9993484838016112,696.0,14088
Dr.cafe,26.373247,49.976353,Coffee Shop,8.1,0.8105458538148919,,3094
Coffee Line (كوفي لاين),26.373943,49.963662,Coffee Shop,7.9,0.9989833181467276,124.0,7423
Starbucks (ستاربكس),26.34063,49.966884,Coffee Shop,9.1,0.998682919833936,,2287
Equal,26.341846,49.97053,Coffee Shop,8.9,0.9999634808896258,,1412
3/4 Cafe,26.373216,49.976243,Café,7.7,0.9788701190841108,,3094
Repeat,26.373668,49.975842,Coffee Shop,7.5,0.995520364875538,,3536
ديوانية نايف للقهوة العربية,26.342337,49.971279,Coffee Shop,8.2,0.9996679433085984,,1412
Tim Hortons (تيم هورتونز),26.378271,49.991405,Coffee Shop,7.7,0.0565893008677169,248.0,4462
Starbucks,26.378156,49.991821,Coffee Shop,7.4,0.9463534523092866,248.0,4462
شقة بنو قحطان,26.366576,49.965558,Café,,0.8199348025722178,477.0,12138
ديوانية تشاليت,26.36177,49.970686,Café,,0.5738096646871272,635.0,9832
سكن طلاب جامعة الاصاله,26.372233,49.970043,Café,,0.9389561311323634,,7213
Monroe,26.372526,49.970025,Coffee Shop,,0.9441056565302596,,7348
مقهى قبل الوعد,26.361124,49.970739,Coffee Shop,,0.998843273084436,635.0,9526
Fuel cafe,26.373375,49.971281,Café,,0.7146863701900228,,6885
داون تاون الامانه,26.373617,49.970469,Café,,0.912893574532514,,6885
شاي مقانيص,26.373709,49.969856,Café,,0.9885054382299608,,7348
Black Vibes - Alasala University,26.373195,49.9737,Coffee Shop,,0.9917667347550848,,4707
Cf | Coffee Fix,26.373013,49.974933,Coffee Shop,,0.9810794616396012,,4872
The Third Cup,26.359407,49.966394,Coffee Shop,,0.989396122790228,696.0,14172
Pink Box,26.372646,49.976216,Coffee Shop,,0.9756408881193156,,3788
Repeat Movement,26.373545,49.975751,Coffee Shop,,0.3792007251906406,,3536
In Case,26.37372,49.975574,Coffee Shop,,0.7612337046194384,,3536
Effect Coffee,26.373566,49.975872,Coffee Shop,,0.0196496226761534,,3536
Repeat,26.373648,49.975877,Coffee Shop,,0.3812394077083825,,3536
Eeffect,26.373653,49.97597,Coffee Shop,,0.1845167624625281,,3536
Manto Rose (مانتو روز),26.357223,49.967329,Coffee Shop,,0.999503772729488,541.0,13612
Modo (مودو),26.34186,49.971346,Café,6.1,0.987745204512744,,1412
دكة سعف,26.375783,49.962525,Coffee Shop,,0.6591370623289599,,6542
ديوانية تراث الفرسان,26.355302,49.968372,Café,,0.9696345760392135,56.0,11717
ستاربكس,26.378032,49.991617,Coffee Shop,,0.548113622531604,248.0,4462
Kasbon,26.378125,49.991711,Coffee Shop,,0.0193144612241485,248.0,4462
Dutch Bros,26.385374,49.984811,Coffee Shop,,0.9997431192333684,157.0,7200
ديوانية جوي,26.342371,49.970978,Coffee Shop,,0.5388560407761952,,1412
ايكوال,26.342335,49.96974,Coffee Shop,,0.9365386423721694,,2090
Blue Sky,26.342052,49.97049,Coffee Shop,,0.9961332242595304,,1412
8Oz Specialty Coffee,26.341883,49.97074,Coffee Shop,,0.9983042153869136,,1412
الشاهي الممتاز,26.380351,49.944946,Café,,0.796549643913225,,110
Barns’sبارنز,26.338796,49.957759,Coffee Shop,8.7,0.999545152571626,,1104
كرك - قهوة عربية - شاهي على الجمر,26.337425,49.957234,Café,,0.9888005940781271,,967
Road Cafe,26.337819,49.957503,Café,,0.9982910074299212,,1104
كوفي لاين,26.338628,49.958219,Café,,0.9977125549011382,,1104
Kyan,26.337745,49.957988,Café,,0.9976408909186898,,1104
دانكن دونتس - الفرسان طريق الرياض,26.338232,49.960237,Coffee Shop,,0.9627969006854522,,1235
ستاربكس,26.342979,49.995412,Coffee Shop,,0.4749973246888654,,4232
Brioche,26.320529,50.016148,Café,,0.144944018239705,1239.0,2962
A PLUS (اي بلس),26.18675,50.159541,Coffee Shop,9.2,0.9999292776252756,163.0,9103
شاي جمر - طريق الخالدية,26.173941,50.120283,Coffee Shop,,0.3706104379252106,,818
N'storeis cafe,26.184444,50.15848,Café,,0.9970642961564972,336.0,9383
ارياف التوت,26.174006,50.153909,Café,,0.9834545780522184,204.0,9982
Stay Tuned (قريبًا),26.186678,50.159556,Coffee Shop,,0.4998977337665238,163.0,9103
بارنز,26.186395,50.159646,Coffee Shop,,0.9960306908130516,163.0,8671
Light (لايت),26.352009,50.21164,Coffee Shop,8.3,0.918767155910407,,9004
Sunrise Pastry (سنرايز باستري),26.353518,50.202738,Café,7.8,0.918002582003685,651.0,28510
Fliter Roastery (محمصة فلتر),26.360955,50.207554,Coffee Shop,6.5,0.6468921950791522,227.0,21728
Speel,26.380179,50.21257,Coffee Shop,,0.9441340829039792,,2568
دانكن,26.364537,50.208526,Coffee Shop,,0.6372034142611834,444.0,16205
Fun&Art,26.364742,50.207573,Coffee Shop,,0.9609189927678828,444.0,16162
Bakerista (بيكريستا),26.192277,50.189341,Coffee Shop,8.6,0.611383377411228,120.0,10284
ديوانية اللقاء,26.189311,50.188527,Café,8.4,0.938871689457654,426.0,10795
La Prep (لا بريب),26.187943,50.187529,Coffee Shop,8.5,0.9608813907724704,426.0,9933
Half Million (هاف مليون),26.184086,50.183927,Coffee Shop,9.2,0.9987466001529148,384.0,9057
Al-Seef Cafe (السيف كافيه),26.183073,50.184394,Café,9.0,0.980233884411466,384.0,9069
ALDEERAH COFFEE (ديوانية الديرة),26.196845,50.193274,Café,8.8,0.990160811200381,265.0,15204
Blue Sky,26.191371,50.189756,Coffee Shop,8.1,0.9796698544802778,120.0,10478
Pastel (باستيل),26.191002,50.189381,Coffee Shop,7.9,0.9541757015905644,426.0,9786
3 Degrees Coffee,26.185528,50.185863,Coffee Shop,8.2,0.9148314803905594,269.0,10484
UMQ Coffee (قهوة عُمق),26.201283,50.198941,Coffee Shop,9.2,0.9997242520336412,1203.0,21258
Starbucks (ستاربكس),26.201824,50.19527,Coffee Shop,8.9,0.8868555958036173,,18935
Starbucks (ستاربكس),26.205635,50.19663,Coffee Shop,9.2,0.9931564368349148,755.0,23535
Dose Coffee Roasters (محمصة و مقهى دوز),26.202823,50.195657,Coffee Shop,8.7,0.9839564819573092,,20472
Tea Leaves (ورق الشاي),26.201635,50.201512,Café,8.7,0.9490242282190442,1203.0,24280
ستاربكس,26.209074,50.195728,Coffee Shop,8.9,0.9980822982339596,124.0,21617
KYAN (كيان),26.203972,50.196309,Coffee Shop,8.4,0.8953912487622676,755.0,20478
Compass Cafe (بوصلة القهوة),26.208436,50.190999,Coffee Shop,8.7,0.9602922928443404,1176.0,20898
Whole Bean (هول بين),26.208876,50.187166,Coffee Shop,8.8,0.994735720642242,1047.0,17473
ستاربكس,26.178883,50.16414,Coffee Shop,9.1,0.9998102787680564,150.0,3187
ديوانية المتكى الشعبي,26.2045,50.197517,Café,8.1,0.9819635762004436,755.0,24147
The Coffeze (مقهى القهوات),26.208865,50.208698,Coffee Shop,8.8,0.9910381910933408,1611.0,23728
كيف الشرق,26.184672,50.164675,Café,8.5,0.9977103917482588,115.0,4602
Handel (مقبض),26.216266,50.193329,Coffee Shop,8.5,0.9836807339909504,586.0,16699
شاهي وذذ نكهة,26.184033,50.164815,Café,8.2,0.9955524813335812,49.0,3968
ديوانية مشار,26.210951,50.197949,Café,8.1,0.9679254979130892,561.0,23011
Maa Ward,26.196442,50.19833,Café,7.5,0.8606595389995363,692.0,16586
The lake cafe (مقهى البحيرة),26.183352,50.165139,Café,8.0,0.9808083295128236,49.0,4115
63 Coffee,26.206177,50.208401,Coffee Shop,7.6,0.906985197347806,1092.0,23024
ستاربكس,26.184758,50.161466,Coffee Shop,7.5,0.9827846877787842,163.0,7399
اوتار,26.20067,50.212144,Coffee Shop,7.3,0.945815524610506,456.0,13957
Coffee & Tea (قهوة وشاي),26.185573,50.184967,Coffee Shop,5.9,0.8289109208728677,269.0,9378
24 Cafe,26.191456,50.190312,Café,,0.3874258927340411,120.0,10392
Coffee Location,26.188295,50.18726,Coffee Shop,,0.5532130905080029,341.0,9933
Gacela Café (جاسيلا كافيه),26.216299,50.193428,Coffee Shop,6.4,0.9491495682037526,586.0,16699
Perfect Coffee,26.18831,50.186725,Coffee Shop,,0.8717771956431821,341.0,10146
After Caf,26.185433,50.186353,Café,,0.7033202561949288,269.0,10484
Coffee Valley (وادي القهوة),26.185603,50.184841,Coffee Shop,,0.928869558677914,269.0,9378
Barista Kurdi,26.188669,50.181677,Café,,0.8917939912011331,764.0,7796
Nada stories Cafe,26.183888,50.164586,Café,6.1,0.9501880097962832,49.0,3968
Nadia's Kitchen,26.177487,50.196995,Coffee Shop,,0.5393630221977113,301.0,5635
فيلوتشي,26.202538,50.195739,Coffee Shop,,0.4087211561360189,,19258
Veloce,26.202528,50.195854,Café,,0.9582743190905332,,19258
Caffè Vergnano 1882,26.202654,50.195642,Coffee Shop,,0.8916686512164246,,19258
Coffee Valley (وادي القهوة),26.250352,50.202656,Coffee Shop,8.5,0.9833924520261208,,11489
Espresso Station (اسبريسو ستيشن),26.241778,50.214466,Coffee Shop,8.7,0.9679129639146185,,2120
Tim Hortons,26.231281,50.194123,Coffee Shop,8.1,0.9975809382951256,,5638
Buna (بُنة),26.220496,50.212667,Coffee Shop,9.2,0.9976436082874798,,11095
Starbucks (ستاربكس),26.220389,50.212872,Coffee Shop,9.3,0.9939962147324618,,11095
كيان,26.22556,50.213289,Coffee Shop,8.6,0.9872654575536142,,7785
Al Seef Cafe (السيف كافيه),26.222482,50.219322,Café,9.4,0.994322098692704,,1842
Cesario Coffee,26.255965,50.220532,Coffee Shop,8.6,0.9915896870260582,,10498
Barn's (بارن كافيه),26.266281,50.203846,Coffee Shop,8.4,0.9807979143426544,1905.0,85703
الموفنبيك العزيزيه,26.218395,50.185732,Café,8.4,0.9875913415138564,,8924
ELK Specialty Coffee,26.217432,50.207278,Coffee Shop,8.1,0.9628366945339232,824.0,19324
3nb W Teen (عنب و تين),26.222911,50.215749,Café,8.0,0.965055212263264,,3675
LEAVES (ليڤز),26.216535,50.192866,Coffee Shop,7.5,0.898750360352456,586.0,15831
مقادير,26.220527,50.212721,Coffee Shop,7.4,0.2794580299061203,,11095
Road café (قهوة الطريق),26.216464,50.18848,Coffee Shop,7.4,0.8773548249627113,712.0,10901
PAUSE (بوز),26.219945,50.212449,Coffee Shop,7.3,0.9874158655352644,357.0,11095
Derby Cafe (مقهى دربي),26.22408,50.196451,Coffee Shop,7.0,0.9638394144115916,145.0,12122
Sun Room Cafe & Restaurant,26.255705,50.220895,Café,6.2,0.6812854868831706,,10498
Moroccan Taste (المذاق المغربي),26.231637,50.194252,Coffee Shop,,0.3313613175739192,,5355
Barn’s (بارنز),26.231466,50.194055,Coffee Shop,,0.9788676785781432,,5159
Road Cafe,26.23006,50.19547,Coffee Shop,,0.9339458280586088,1600.0,6845
Darts Cafe (دارتس كافيه),26.255207,50.203506,Coffee Shop,,0.9558677913841296,274.0,17838
كافيه ذكريات,26.254626,50.209183,Café,,0.2496772495393755,1279.0,18850
//maps.app.goo.gl/gjsuy2dvwhrx9quv8?g_st=ic (eastern mood cafe استرن مود كافيه 059 000 1215 https),26.22511,50.197357,Café,,0.6951480891919332,145.0,11252
Art,26.254266,50.212366,Café,,0.2053068949525588,1279.0,16470
Flat White (فلات وايت),26.22408,50.196317,Coffee Shop,,0.0517152776907361,145.0,10927
Al-Kharj international Coffee House (مقهى الخرج العالمي),26.260022,50.197641,Coffee Shop,,0.9332188561472996,35.0,44396
الرواف,26.259432,50.204581,Café,,0.6226890440319366,1306.0,35747
Blue Sky,26.254914,50.214438,Coffee Shop,,0.9633129864758156,1069.0,12828
Erorr,26.233959,50.220225,Café,,0.0383289673238659,,504
Aquab cafe Ramada Hotel,26.255103,50.218399,Café,,0.6609428073649775,,10498
ابو هيثم Abo Haitham VIP الطابق الأول,26.222725,50.184713,Café,,0.8640061165912538,,2875
Al Montazah,26.221926,50.184923,Café,,0.6344835365930085,,5562
Ceasario,26.255672,50.220532,Café,,0.8878583156812855,,10498
Mq Cafe,26.220757,50.212734,Café,,0.0473785142198212,,11095
Road Café (قهوة الطريق),26.21837,50.208501,Coffee Shop,,0.9835177920108292,824.0,18690
ديوانية زمان البركة,26.217195,50.203506,Coffee Shop,,0.939786671346026,817.0,21074
Love Coffe,26.266142,50.203234,Coffee Shop,,0.7732975696576965,1905.0,87377
ديوانية شاله,26.217911,50.190106,Café,,0.4070666683378665,,12247
بوفية شلالات صنعاء,26.266906,50.199611,Coffee Shop,,0.8729052555055589,2161.0,90483
Gracela Cafe,26.216802,50.192583,Café,,0.8280210069814371,586.0,14254
الشبة,26.26673,50.19417,Café,,0.8833962122256621,2825.0,77960
بيت الكيف للقهوة,26.265413,50.209797,Coffee Shop,,0.8826692403143527,3669.0,70077
مقهى رصه للترفيه,26.216528,50.192872,Café,,0.4645726533221363,586.0,15831
Olden (اولدن),26.301878,50.201303,Coffee Shop,9.6,0.9994610380657534,482.0,52999
ATYPICAL (اتيبكل),26.30599,50.190239,Coffee Shop,9.0,0.9997743880275246,316.0,18128
Urth Caffe (ايرث كافيه),26.317849,50.20377,Café,9.5,0.9998997280122331,388.0,10504
La Panetière,26.318069,50.194271,Coffee Shop,9.0,0.999147688103982,449.0,12577
مُر,26.316915,50.204099,Coffee Shop,9.0,0.9989972801223318,388.0,10942
Dose (دوز),26.317878,50.203825,Coffee Shop,9.0,0.9959891204893272,388.0,10504
the usual (ذي يوجول),26.305565,50.183432,Coffee Shop,9.4,0.9961395284709776,111.0,19577
ARCHI (ارتشي),26.298652,50.189677,Coffee Shop,9.2,0.9906245691438026,530.0,38027
7 Grams (٧ جرام),26.305571,50.183189,Coffee Shop,9.3,0.9943973026835292,111.0,19147
Nass (نَصّ),26.302977,50.211757,Coffee Shop,9.4,0.9997117180351704,2557.0,65065
ZOLIEA (زُولِية),26.298005,50.209832,Coffee Shop,9.4,0.995851246506148,4298.0,82478
Organico Speciality Coffee (قهوة اورقانيكو المختصة),26.303736,50.210663,Coffee Shop,8.8,0.9811488662998384,2557.0,55459
llama (لاما),26.303217,50.181088,Coffee Shop,9.2,0.9985335221789104,257.0,23768
OLABS (اولابز),26.303277,50.206322,Coffee Shop,8.4,0.9851848138074528,1696.0,52857
Mound,26.305497,50.178332,Coffee Shop,9.3,0.9937956707569282,1105.0,20344
Olden (اولدن),26.31523,50.216146,Coffee Shop,9.5,0.9997618540290538,898.0,21709
UMQ Coffee (قهوة عُمق),26.321786,50.211889,Coffee Shop,9.4,0.9994234360703408,215.0,17998
UMQ Coffee (قهوة عُمق),26.297826,50.212496,Coffee Shop,9.3,0.9927428148853766,4298.0,77925
COSMO (DRIVE THRU) (كوزمو),26.325143,50.207918,Coffee Shop,9.3,0.9963150044495694,576.0,16740
Balancd Coffee (بالنسد كوفي),26.305186,50.217246,Coffee Shop,9.3,0.9993482320795156,135.0,42247
Caffeination (كافينيشن),26.307375,50.178835,Coffee Shop,8.8,0.9934196508028026,227.0,17470
MYLK (ميلك),26.302492,50.21375,Coffee Shop,8.7,0.9922539889450134,2006.0,63730
CAVO (كاڤو),26.314479,50.217111,Coffee Shop,9.0,0.9951869445871928,867.0,20741
Equal (إيكول),26.31984,50.216692,Coffee Shop,9.3,0.9988343381422108,931.0,16194
Gravity Lounge,26.307034,50.176208,Café,9.0,0.9977438802752466,1021.0,15994
Boad Coffee Roasters (مقهى و محمصة بُعد),26.305397,50.178167,Coffee Shop,8.8,0.994071418723287,1105.0,20344
Core Coffee & Roastery,26.325143,50.207633,Coffee Shop,8.9,0.9945351766667084,576.0,16740
ستاربكس,26.300423,50.215308,Coffee Shop,8.8,0.9884937894037577,3668.0,59540
LLuvia (يوڤيا),26.309265,50.220214,Coffee Shop,9.1,0.9969041023776996,547.0,23569
Wacafe (وكف),26.319811,50.216804,Coffee Shop,9.0,0.9970169083639372,931.0,16194
Andes Coffee Roasters (محمصة و مقهى أنديز),26.29783,50.219115,Coffee Shop,9.6,0.9987089981575022,2923.0,53908
Specialty Bean Cafe (محمصة سبيشلتي بين),26.300319,50.219761,Coffee Shop,9.2,0.9932567088226816,106.0,43491
شاهي T1,26.2968,50.217331,Café,9.2,0.982439868142336,2631.0,66695
Bohemia (بوهيميا),26.299565,50.214963,Coffee Shop,8.7,0.9957259065214394,3668.0,72170
Shrq Coffee Roasters (مقهى ومحمصة شرق),26.311596,50.223059,Coffee Shop,9.3,0.9994485040672824,1174.0,15584
A Plus (آي بلس),26.299565,50.174274,Coffee Shop,9.2,0.999059950114686,1793.0,18619
Line Espresso Bar (لاين اسبريسو بار),26.296109,50.21903,Coffee Shop,9.3,0.9976060062920672,2631.0,66279
Barn's (بارن كافيه),26.322756,50.179696,Coffee Shop,8.8,0.9936076607798654,,11039
Starbucks (ستاربكس),26.268738,50.216005,Coffee Shop,9.1,0.9853352217891028,3227.0,51308
Vicoli Boutique (ڤيكولي بوتيك),26.272916,50.216325,Café,8.8,0.9573342692052192,,56763
ستاربكس,26.266237,50.213014,Coffee Shop,8.1,0.993645262775278,401.0,64290
Caffè Nero,26.274295,50.200446,Coffee Shop,8.2,0.9851096098166277,4182.0,105651
Tea time,26.277549,50.211453,Coffee Shop,8.5,0.975671508968076,3991.0,83536
Sea Rock (صخر البحر),26.261907,50.219034,Café,8.0,0.9377812315906896,,15936
ستاربكس,26.272397,50.206836,Coffee Shop,7.9,0.8853765839840567,3406.0,103688
SunRoom Cafe and Restaurant,26.271953,50.221238,Café,7.6,0.9772382587769324,,28762
ديوانية المشراق,26.265613,50.210393,Café,,0.9581239111088828,3669.0,65688
ديوانية فن الزعفران,26.269137,50.19041,Coffee Shop,,0.3992454532920547,4007.0,79943
Deawaniyat Gdoe (ديوانية قدوع),26.269075,50.19019,Coffee Shop,,0.3944574658761892,4007.0,72642
قهوة الشيوخ,26.270306,50.192228,Café,,0.475276688016244,3820.0,84537
ديوانية وقت القهوة,26.271939,50.195694,Café,,0.3334795633154933,4931.0,100904
Coffee Only,26.273196,50.200791,Coffee Shop,,0.8704485918052718,4182.0,109013
La mode coffee,26.267111,50.215659,Coffee Shop,,0.8624268327839264,401.0,55682
Density,26.274618,50.205582,Coffee Shop,,0.4772946617700512,3406.0,105680
مقهى ومحمصة شرق,26.274785,50.205435,Coffee Shop,,0.947846032362784,3406.0,105680
Al-Taam Coffee and Flour Mill (مطاحن وبن التام),26.273722,50.185155,Café,,0.943935424839878,985.0,56606
دربي كافيه,26.278119,50.200092,Coffee Shop,,0.9198450797789004,3560.0,93970
كرك وجباتي,26.27835,50.200798,Coffee Shop,,0.9458029906120352,3560.0,100436
ديوانية نايف للقهوة الغربية,26.278381,50.200672,Café,,0.4304175074890641,3560.0,94447
Derby Coffee International,26.279088,50.201313,Coffee Shop,,0.0085105849617086,3560.0,103796
Otranto Coffee,26.27915,50.201297,Coffee Shop,,0.899176516300465,3560.0,103796
شوكلت لاونج,26.274332,50.180842,Café,,0.3664189112968928,,32889
برنس الشرق,26.279398,50.190786,Café,,0.9723625333717708,4233.0,94358
Woods,26.278907,50.209022,Café,,0.8729804594963839,17.0,100860
كرك الصبيخه,26.277397,50.213026,Café,,0.2991614755023,5418.0,84075
Golden Tea (كرك الذهبي),26.277475,50.212968,Coffee Shop,,0.908251131193362,5418.0,80005
The Sky Cafè,26.217394,50.21289,Coffee Shop,9.0,0.965995262148578,201.0,13477
Boston’s Cafe (بوسطن كافيه),26.211082,50.212599,Coffee Shop,8.8,0.9260744770189138,,15262
Worthy Coffee,26.211083,50.212834,Coffee Shop,8.7,0.9747189250842913,,15262
24 Cafe,26.21698,50.184451,Coffee Shop,7.6,0.9862126016820626,,9530
Bon cafe,26.215957,50.179174,Café,7.5,0.937283174144368,17.0,8084
Le Paumé Café,26.217517,50.212858,Café,6.9,0.0674329117731847,201.0,13477
Barn's  (بارنز),26.217048,50.184841,Coffee Shop,,0.9916272890214708,,9530
Knock (نوك),26.337298,50.201441,Coffee Shop,9.2,0.9978441522630134,588.0,20346
Soulaf (سُلاف),26.337207,50.201602,Coffee Shop,9.1,0.9903738891743856,588.0,20346
Double A (دبل اي),26.34224,50.180956,Coffee Shop,8.9,0.9689156837922864,752.0,12272
Elegant Garden,26.338082,50.208264,Café,8.7,0.989057819334946,337.0,16039
The HUB (ذا هب),26.334396,50.189335,Coffee Shop,8.9,0.9473321384254793,1678.0,18763
Starbucks (ستاربكس),26.334167,50.212065,Coffee Shop,8.9,0.9915395510321748,1441.0,14101
10° Coffee House (تن دقريز بيت القهوة),26.330281,50.212671,Coffee Shop,8.9,0.992291590940426,447.0,13679
Dose (دوز كافيه),26.338543,50.208261,Coffee Shop,8.2,0.9890954213303584,337.0,15981
Dallat Alfaris Cafe (مقهى دلة الفارس),26.342778,50.182055,Café,8.0,0.983469533604698,673.0,13682
Note Music Center & Cafe (مركز ومقهى نوت للموسيقى),26.336032,50.192987,Café,7.9,0.8971084065527744,723.0,18772
La Mode Co,26.336461,50.197177,Coffee Shop,7.8,0.9536492736547886,461.0,18693
Derby Coffee,26.335396,50.191847,Coffee Shop,7.5,0.9379692415677524,723.0,19880
Dose Cafe,26.332859,50.212547,Coffee Shop,7.5,0.9526716217740622,2507.0,13046
Motion Cafe,26.334797,50.191473,Coffee Shop,7.3,0.9354123058796988,723.0,20147
ستاربكس,26.328859,50.20053,Coffee Shop,7.4,0.9113470288156624,207.0,18596
Dyjor Roasters (محمصة دَيْجُور),26.288549,50.21758,Coffee Shop,9.1,0.9940463507263452,2297.0,70129
Starbucks (ستاربكس),26.288657,50.216227,Coffee Shop,8.8,0.9818006342203226,2297.0,74241
Iraqi Tea (جاي عراقي),26.293538,50.219764,Coffee Shop,9.0,0.994647982652946,,61828
24 Cafe (قهوة ٢٤),26.284406,50.218504,Coffee Shop,9.2,0.9969918403669956,1060.0,57877
Half Million (هاف مليون),26.29513143624868,50.22073713345232,Coffee Shop,9.0,0.999235426093278,170.0,55593
Black Horse Coffee Roasters (محمصة الخيل الأسود),26.28542,50.218593,Coffee Shop,8.9,0.9783913866362508,2727.0,56687
Starbucks Reserve (ستاربكس ريزيرڤ),26.28304,50.219394,Coffee Shop,9.4,0.9891956933181254,1060.0,59447
Koffiqa Coffee Roasters (مقهى و محمصة كوفيكا),26.283817,50.220222,Coffee Shop,9.2,0.994572778662121,68.0,48162
QAF Coffee Roasters (محمصة ومقهى قاف),26.283475,50.220952,Coffee Shop,9.4,0.9883433814221074,68.0,42843
Sensations Coffee & Co (سنسيشنز كوفي آند كو),26.299705,50.220394,Coffee Shop,9.0,0.9870649135780806,106.0,45788
Owl bakehouse,26.29947,50.215326,Coffee Shop,8.3,0.9900480052141434,3668.0,72170
Danube Le Gourmet,26.304514,50.222378,Café,9.1,0.9962774024541567,77.0,21193
Tulum (تولوم),26.303594,50.223328,Coffee Shop,8.9,0.99617713046639,30.0,20818
Panama (بنما),26.299744,50.212176,Coffee Shop,8.2,0.996101926475565,4298.0,77313
Chemistry Coffee (كيمستري كوفي),26.302902,50.222152,Coffee Shop,8.6,0.9873782635398518,30.0,26869
HOBRA (هوبرا),26.309177,50.214547,Coffee Shop,8.9,0.9904490931652108,1747.0,35363
Starbucks (ستاربكس),26.30457,50.199171,Coffee Shop,9.0,0.9852224158028652,483.0,28269
Tim Hortons,26.299082,50.181486,Coffee Shop,9.1,0.985234949801336,419.0,30561
Starbucks (ستاربكس),26.30203,50.17745,Coffee Shop,8.6,0.9869270395949012,805.0,23041
Starbucks (ستاربكس),26.307338,50.173058,Coffee Shop,8.8,0.9931815048318564,43.0,14233
8Oz Coffee,26.304103,50.168187,Coffee Shop,9.3,0.9954376245566098,,13750
ZOYA (زويا),26.303561,50.169328,Coffee Shop,9.0,0.9972801223318252,,14333
7 Grams (٧ جرام),26.290708,50.18091,Coffee Shop,8.6,0.9936327287768072,349.0,32835
Marks & Spencer Coffee (ماركس & سبنسر كافيه),26.307846,50.17381,Coffee Shop,8.3,0.9929809608563228,43.0,15050
Ben’s Cookies,26.303537,50.170626,Coffee Shop,8.5,0.9948610606269506,182.0,16055
Tulum (تولوم),26.308906,50.169742,Coffee Shop,8.5,0.9908627151147488,,15637
Density Coffee Roasters (محمصة ومقهى دينسيتي),26.328687,50.180382,Coffee Shop,9.1,0.9964779464296906,167.0,15417
Beyond,26.32838,50.180226,Coffee Shop,9.1,0.9967536943960492,1144.0,15634
Unleash Coffee,26.281435,50.20057,Coffee Shop,8.8,0.9731897772708472,629.0,89841
ارابيا كافيه,26.28406,50.210689,Coffee Shop,9.4,0.9851221438150984,4297.0,81118
Shathrat Cafe (شذرات كافيه),26.275161,50.218922,Café,8.9,0.9707957835629144,589.0,41550
Methods (ميثودز),26.282662,50.220466,Coffee Shop,9.0,0.9525462817893536,68.0,45258
Blue Sky,26.285347,50.194241,Coffee Shop,8.4,0.9851973478059236,1634.0,89740
Meem Coffee (مِيم),26.289472,50.216453,Coffee Shop,8.4,0.9644410463381924,2297.0,81058
Tell A Tale (تيل ا تيل),26.296472,50.219226,Café,9.3,0.9840818219420178,2631.0,60108
Aged Coffee House,26.299294,50.202342,Coffee Shop,9.1,0.9773761327601118,2154.0,61889
ستاربكس,26.289013,50.21912,Coffee Shop,8.2,0.9749570710552372,2297.0,68406
Blue Star Cafe (بلو ستار كافيه),26.32715,50.215145,Coffee Shop,8.8,0.9917024930122958,260.0,14885
Cofféa (كوفيا),26.324793,50.206615,Coffee Shop,8.5,0.9637391424238246,576.0,16799
تّل,26.321884,50.220768,Coffee Shop,9.3,0.9967160924006369,223.0,12325
VARDØ (Vardø),26.321546,50.219743,Coffee Shop,8.9,0.9874910695260896,345.0,15356
Namq (نمق),26.319378,50.22272,Coffee Shop,9.4,0.9998621260168208,552.0,11582
Density Coffee Roasters (محمصة و مقهى دينستي),26.319682,50.222786,Coffee Shop,9.2,0.9982577742125516,552.0,11207
OTOÑO (أوتونيو),26.320071,50.222049,Coffee Shop,9.0,0.9971923843425292,223.0,11842
QASHA (‎قَشة),26.318468,50.222844,Coffee Shop,9.4,0.9966910244036952,552.0,12453
Willow,26.318095,50.222335,Café,9.3,0.9939084767431658,552.0,12453
Veloce (فيلوتشي),26.319932,50.222584,Café,8.9,0.991100861085695,552.0,11207
Starbucks (ستاربكس),26.316542,50.223297,Coffee Shop,9.4,0.9966659564067534,1016.0,11786
RAMLA (رملا),26.317157,50.223023,Coffee Shop,9.1,0.9855106977676948,552.0,11786
Ballet Coffee (باليه كافيه),26.317294,50.222958,Coffee Shop,8.7,0.9969542383715828,552.0,11786
SEQUENCE (سيكونس),26.314555,50.217032,Coffee Shop,8.6,0.9888322073624708,867.0,20741
Arabia Coffee,26.314734,50.210611,Coffee Shop,8.4,0.9784540566286052,375.0,19659
The BLK. (The BLK),26.31012,50.224268,Coffee Shop,9.3,0.9929308248624392,,14707
INSIDE (ان سايد),26.310537,50.224136,Coffee Shop,9.1,0.994146622714112,136.0,14707
Sharik Café (شارك كافيه),26.309689,50.223518,Coffee Shop,9.2,0.9958387125076772,,14707
Eclipse (إكلبس),26.309511,50.223659,Coffee Shop,9.1,0.9992980960856322,,14813
Peek-A-Brew (بيك-أ-برو),26.3092,50.219423,Coffee Shop,8.9,0.9887820713685872,324.0,26126
OOB (او او بي),26.310512,50.224067,Coffee Shop,8.8,0.9972550543348834,136.0,14707
Crafter (كرافتر),26.317755,50.223038,Coffee Shop,8.2,0.9933319128135066,552.0,12323
COSMO (كوزمو),26.310797,50.223505,Coffee Shop,8.7,0.9948735946254216,136.0,14707
ARCHI (ارتشي),26.309359,50.222512,Coffee Shop,8.9,0.9985711241743228,547.0,16819
Monroe (مونرو),26.306498,50.224632,Coffee Shop,9.0,0.9840692879435468,,16652
NESPRESSO (نسبريسو),26.302641,50.22228,Coffee Shop,9.1,0.9818758382111478,30.0,28126
شاهي وكرك وجباتي,26.218035,50.214424,Café,,0.9715728914681072,201.0,7898
كوفي ماله أسم,26.219706,50.221538,Coffee Shop,,0.3884113792529971,,597
Barn’s,26.215248,50.212912,Coffee Shop,,0.933018312171766,,15775
Coffee Vally,26.215078,50.207103,Coffee Shop,,0.9935449907875112,886.0,21109
Barn’s,26.215015,50.206951,Coffee Shop,,0.9745434491056992,886.0,21670
ورقة ربيع,26.213501,50.207837,Coffee Shop,,0.7362094681824449,1497.0,20360
Gfs,26.211021,50.212851,Coffee Shop,,0.1324843638369076,,15262
سنقيلي,26.209927,50.220798,Café,,0.9708584535552688,,2791
حي الجسر للعطارة,26.210258,50.206033,Coffee Shop,,0.4157276612812253,1611.0,22540
دكان وافل,26.210136,50.203625,Café,,0.9566448992893224,456.0,22540
Mare Cafe,26.216288,50.193657,Café,,0.232593409623604,586.0,18152
Starbucks (ستاربكس),26.33079,50.162701,Coffee Shop,8.7,0.9804469623854706,149.0,17951
Toast & Tonic (توست آند تونك),26.328825,50.18005,Café,8.0,0.2265018863667698,1144.0,15634
Spark Coffee Drive Thru,26.332617,50.161098,Coffee Shop,8.4,0.9948986626223632,243.0,16033
KYAN (كيان),26.330769,50.161804,Coffee Shop,8.1,0.9780780366744796,243.0,17936
Starbucks (ستاربكس),26.3234,50.16423,Coffee Shop,9.2,0.9881303034481028,680.0,15080
AlShabba (الشبّة),26.30368,50.175089,Café,9.0,0.959728262913152,1206.0,19318
DE FLORÉ (دي فلور),26.305748,50.183144,Coffee Shop,8.4,0.9898349272401388,111.0,19485
La Pazzia (لا بازيا),26.306224,50.18003,Coffee Shop,8.3,0.9729140293044884,1105.0,20036
Sword (سورد),26.306253,50.183136,Coffee Shop,8.2,0.9733151172555556,111.0,17855
Lily (ليلي),26.306108,50.1722,Coffee Shop,8.5,0.995337352568843,55.0,16882
Van Houtte Café (فان هوت كافيه),26.300607,50.172346,Café,8.7,0.97617286890691,3425.0,17615
Starbucks (ستاربكس),26.299397,50.188723,Coffee Shop,8.5,0.9693543737387664,530.0,38235
Tim Hortons,26.323339,50.164955,Coffee Shop,8.5,0.9823395961545692,680.0,16464
ديوانية الساحل,26.323848,50.16618,Café,8.3,0.973039369289197,463.0,15995
Tim Hortons (تيم هورتونز),26.310926,50.21352,Coffee Shop,8.0,0.984482909893085,375.0,26030
CASSIA (كاسيا),26.282297,50.199468,Coffee Shop,8.3,0.9260243410250304,629.0,93638
Soir,26.282272,50.221471,Café,9.0,0.9933945828058608,68.0,32957
Rosalie (روزالي),26.29052,50.178126,Café,8.4,0.9786546006041388,78.0,25588
مقهى قدوع,26.284312,50.18926,Café,7.6,0.968878081796874,4025.0,75710
MANTO ROSE (Manto Rose),26.281672,50.222398,Café,8.5,0.9681511098855646,68.0,27386
Mondo (موندو),26.286802,50.218348,Café,7.8,0.9449130767206046,2727.0,62738
Bisket,26.291562,50.216982,Coffee Shop,7.8,0.9573969391975734,1257.0,79927
Coffee Valley (وادي القهوه),26.293647,50.172109,Coffee Shop,7.8,0.977112918792224,,16149
Krispy Kreme (كرسبي كريم),26.309626,50.171926,Café,7.6,0.9784039206347216,,13512
Le Café,26.292721,50.180913,Café,8.5,0.9629996365140444,926.0,31293
Aioli Lounge (أيولي لاونج),26.273304,50.220884,Coffee Shop,7.5,0.8892871915069627,,33881
Derby Coffee (ديربي كافيه),26.273334,50.22005,Coffee Shop,6.8,0.908338869182658,,40922
حلويات طرابلس,26.281863,50.210262,Café,6.8,0.9209355376458644,4297.0,90754
Dr. Cafe,26.275465,50.216483,Café,,0.913603148540416,589.0,57010
Al Amwaj Suites,26.277092,50.21523,Café,,0.9598536028978604,5418.0,67690
Noor Cafe,26.277766,50.213402,Café,,0.8933983430054021,5418.0,80005
الشرقية,26.280075,50.208813,Café,,0.0897684970482433,956.0,104235
Three Seeds,26.280188,50.208415,Coffee Shop,,0.0430417507489064,956.0,104235
Coffeekov,26.28021,50.208292,Coffee Shop,,0.9809232543273628,956.0,104235
Cafe 88,26.28065,50.210521,Café,,0.9850093378288608,17.0,91286
Joffre's,26.281016,50.207829,Coffee Shop,,0.9807853803441836,956.0,92714
Modka Caffe (مقهى مودكا),26.28154,50.209934,Café,,0.6139904490931652,4297.0,93556
Coffee Sol,26.281965,50.205338,Coffee Shop,,0.737726081997418,,92450
ع كافيه,26.282186,50.210826,Café,,0.9054936515297746,4297.0,92569
Caffé bene (كافيه بيني),26.28193,50.201688,Café,,0.9244826592131156,629.0,86369
Scratch Winter Nights,26.282426,50.205571,Coffee Shop,,0.3470162816640136,444.0,100952
Scratch Karak & Bread,26.282764,50.205364,Café,,0.8809520825238459,,113351
Hawaya Cafe,26.282832,50.211011,Café,,0.9382575235325822,4297.0,92569
شعبيات بوعادل,26.201551,50.205898,Café,7.8,0.8745722773021821,1345.0,24073
مقهى البن اللذيذ,26.208187,50.189177,Coffee Shop,,0.5367559505157741,1176.0,16554
كافيه جواهر الورق,26.207957,50.189179,Café,,0.8803379165987741,1176.0,16541
Blueprint Coffee Roasters,26.211197,50.188859,Coffee Shop,,0.9648797362846722,1214.0,16583
Lavande,26.21258,50.189322,Coffee Shop,,0.955316295451412,1214.0,17311
آرت سويت,26.152038,50.159797,Coffee Shop,8.3,0.972951631299901,291.0,3342
Derby Cafe (مقهى دربي),26.156956,50.161336,Coffee Shop,7.9,0.9966784904052242,127.0,3736
Ozone Coffee (أوزون كوفي),26.154863,50.161281,Coffee Shop,7.8,0.1460336161838988,202.0,3114
شاي ابو ياسر,26.14716,50.162612,Coffee Shop,7.0,0.9042026496872768,,2192
كوستا كوفي,26.145521,50.151304,Coffee Shop,6.3,0.9350112179286314,204.0,5362
Cafe Bowl - Sara Village,26.144828,50.150601,Café,,0.0655277440056152,204.0,5312
Sameah,26.153812,50.144651,Coffee Shop,,0.2698699143480531,451.0,10850
شاي مناحي,26.14716,50.162376,Café,,0.6508153366005289,,2396
القهوة المثالية,26.151289,50.161468,Café,,0.9681385758870936,291.0,2529
شاي جمر وهيل,26.148251,50.16262,Coffee Shop,,0.5829061328854518,,2200
Sparkle Coffee,26.125032,50.142943,Coffee Shop,,0.9717107654512868,163.0,5372
شاي التاج,26.151587,50.163364,Café,,0.3092012082774525,,2267
ديوانية الذوق المتميز,26.157339,50.160941,Coffee Shop,,0.1372222152588897,127.0,3736
مانتو روز,26.157051,50.161293,Coffee Shop,,0.6949600792148704,127.0,3736
مقهى ليالي العزيزية,26.155763,50.163419,Coffee Shop,,0.903337803792788,,3114
قهوة الفيشاوي - العزيزية,26.163458,50.163463,Coffee Shop,,0.3015680032087036,,2869
Euro Village Café,26.116615,50.159469,Café,,0.972104234957085,,163
First Light (فيرست لايت),26.330497,50.212969,Coffee Shop,7.5,0.2366544251281601,447.0,13679
Pianolla Coffee,26.337987,50.204865,Coffee Shop,6.1,0.9749696050537082,263.0,17043
شاي Ok,26.347849,50.228664,Café,,0.6856097163556146,,0
شاهي ملغم,26.3451,50.226235,Café,,0.9374929496258602,,0
Vip Tea,26.344698,50.226008,Café,,0.2099570083852449,,0
WOODS Specialty Café & Roastery,26.350581,50.211212,Coffee Shop,,0.1420102026747552,,9542
Rebeat,26.349336,50.209431,Coffee Shop,,0.9356128498552324,,13432
Ola Amor (اولا امور),26.323288,50.228905,Coffee Shop,8.2,0.986851835604076,,4099
ZOYA (زويا),26.313638,50.223643,Coffee Shop,8.8,0.9533860596869008,355.0,12691
Drag Coffee (دراق كوفي),26.269137,50.216254,Coffee Shop,6.4,0.9227404334256673,573.0,51995
dr. Cafe (د. كيف),26.267476,50.213858,Café,,0.8616622588772044,401.0,65885
Cafe Vergnano,26.268964,50.2127,Café,,0.8996778762392991,3227.0,66403
Vroulik,26.269432,50.218829,Coffee Shop,,0.630121705125152,573.0,36694
شاهي أم عبدالله,26.29659,50.22304,Coffee Shop,9.1,0.9572089292205106,170.0,31678
Costa Coffee (كوستا كوفى),26.291703,50.22019,Coffee Shop,7.6,0.9701064136470176,,63539
Shrq Coffee Roasters (مقهى ومحمصة شرق),26.177522,50.157961,Coffee Shop,9.4,0.9999942231093694,191.0,8275
Art Sweet,26.175021,50.162254,Coffee Shop,8.8,0.9970171648725858,175.0,4680
Dunkin,26.168849,50.16189,Coffee Shop,8.1,0.9998875160502764,154.0,3040
صناع القهوه,26.185303,50.165158,Coffee Shop,,0.4154980742213381,115.0,4532
Le café,26.184964,50.164657,Coffee Shop,,0.978659249851665,115.0,4411
حاسة القهوه,26.184872,50.164799,Coffee Shop,,0.8614801386301059,115.0,4411
كيف النشاما,26.184242,50.164788,Coffee Shop,,0.3715226776676987,49.0,3968
Crebarista Coffee,26.184085,50.164962,Coffee Shop,,0.1122169403118681,49.0,4029
الشاي المخدر,26.184242,50.164788,Café,,0.9451935188376897,49.0,3968
شاي مشكل,26.183858,50.164712,Café,,0.58494310717061,49.0,3968
كيان,26.173235,50.157257,Coffee Shop,,0.9996179617526576,384.0,7632
شاهي المذاق السعودي,26.173456,50.163255,Coffee Shop,,0.9578146251784124,,3836
بارنز,26.176269,50.162423,Coffee Shop,,0.9999138301688316,,5891
كوفي لاين,26.177481,50.16326,Coffee Shop,,0.9439564753281598,,4948
Coffee & Tea (قهوة وشاي),26.17765,50.163274,Coffee Shop,,0.9809115246295952,,4948
ستاربكس,26.178814,50.164082,Coffee Shop,,0.2408892390651667,150.0,3400
Gravity Coffee,26.162757,50.114196,Coffee Shop,8.9,0.9928339071414456,,409
ستاربكس,26.148155,50.092715,Coffee Shop,7.4,0.2577992805484878,,0
PMU's Jamoka Cafè,26.147147,50.092093,Coffee Shop,7.0,0.9750573430430042,,0
Segafredo Zanetti,26.148362,50.09254,Coffee Shop,,0.1320582078888986,,0
Sand Speciality Coffee,26.147454,50.092498,Coffee Shop,,0.8609227529674242,,0
مقهى الفيشاوي,26.184964,50.164657,Café,8.1,0.9428050163260784,115.0,4411
Greeno Cafe,26.090369,50.124864,Coffee Shop,,0.5729792060965369,,965
Starbucks (ستاربكس),26.339998,50.151536,Coffee Shop,9.3,0.998342810386436,839.0,22669
Matter Speciality Coffee (ماتر للقهوة المختصة),26.302638,50.176674,Coffee Shop,8.3,0.9740796911622776,805.0,22246
ديوانية كيف القيصيرية,26.333111,50.149566,Café,8.3,0.9882028814384406,450.0,15257
SCRIPT (سكربت),26.33814,50.152793,Coffee Shop,8.5,0.9834177464292744,531.0,20602
Dose (دوز),26.338853,50.152406,Coffee Shop,8.4,0.994976643983884,531.0,21936
Overdose (أوڤردوز),26.300645,50.171967,Coffee Shop,8.1,0.95631901532908,3425.0,17615
Toss Eatery & Cafe (مطعم ومقهى توس),26.295908,50.177339,Café,8.4,0.8691074539688907,1722.0,25183
Notes Cafe (نوتس كافيه),26.307699,50.168844,Café,7.5,0.6641139089781031,,13807
The Coffee Bike,26.302722,50.180471,Coffee Shop,8.0,0.8793602647180477,257.0,25486
Tim Hortons (تيم هورتنز),26.310303,50.136601,Coffee Shop,7.8,0.978094647654474,188.0,3149
MAYFAIR (مايفير),26.339357,50.152117,Coffee Shop,8.1,0.8806305606479612,839.0,21693
Starbucks (ستاربكس),26.335379,50.131182,Coffee Shop,9.3,0.9994199836352524,302.0,10739
ستاربكس,26.331385,50.132707,Coffee Shop,8.8,0.9393261452733844,145.0,8333
Scratch (سكراتش),26.339645,50.152042,Coffee Shop,7.3,0.8859957120218749,839.0,21693
Derby Caffee (دربي كافيه),26.33231,50.161652,Coffee Shop,7.2,0.9671233220109547,243.0,16579
Jamoka Café,26.334765,50.131817,Coffee Shop,7.2,0.3252752488373779,302.0,11889
Quantum Specialty Coffee,26.339917,50.151947,Coffee Shop,6.4,0.9703984505277112,839.0,22022
الشبة,26.334966,50.145238,Café,,0.8874561103688282,715.0,21083
Road Cafè (قهوة الطريق),26.3348,50.153247,Coffee Shop,,0.907321670861428,,18713
كوستا كوفي,26.323616,50.164764,Coffee Shop,6.0,0.9009438100848552,680.0,16024
Diwaniyah Alsofayan,26.330293,50.158578,Café,,0.1574395547923743,542.0,15221
Spark,26.332417,50.161446,Coffee Shop,,0.294837246029856,243.0,16579
Roxy Cafe (روكسي كافيه),26.341795,50.165243,Café,,0.929196573760474,542.0,10420
جباتي وكرك,26.32267,50.157511,Café,,0.937593221613627,578.0,12571
دوز كافيه,26.325548,50.136522,Café,,0.9710613263731368,29.0,5030
ستاربكس,26.331278,50.132222,Coffee Shop,,0.8049902122238449,145.0,8333
Rosario Cafe,26.342594,50.181631,Café,7.8,0.3156687514884123,673.0,12711
ستاربكس,26.327805,50.147985,Coffee Shop,6.9,0.9202712357269092,476.0,11945
La Mode Cafe,26.340917,50.179531,Café,6.5,0.9726257473396588,,10246
Villaggio,26.341098,50.150871,Café,,0.8566530984267056,108.0,23788
ستاربكس,26.339614,50.151932,Coffee Shop,,0.9183419817916292,839.0,21693
8 O'clock Cafe,26.340447,50.154904,Coffee Shop,,0.3803975183585537,839.0,21114
جوفريز,26.312644,50.178219,Coffee Shop,7.1,0.9532231177067796,492.0,10573
Godiva,26.32838,50.180226,Coffee Shop,6.7,0.8658862163618816,1144.0,15634
Liwan café (قهوة الليوان),26.323405,50.168954,Café,,0.9512302119499142,463.0,15561
El León Cafe,26.327535,50.180389,Café,,0.4589072860133111,167.0,14820
حلونجي السلطان,26.322614,50.159148,Café,,0.7994058884724816,707.0,13898
ديب ان ديب,26.350213,50.17892,Café,,0.936394991144393,,6982
Sharq Coffee Roasters (مقهى ومحمصة شرق),26.308906,50.129648,Coffee Shop,8.9,0.9888406695598264,50.0,3056
Starbucks (ستاربكس),26.31102,50.132454,Coffee Shop,8.1,0.9233312667906592,135.0,3097
Joffrey's,26.31194,50.131266,Coffee Shop,8.1,0.991320520768754,135.0,2752
Caffé bene (بيني كوفي),26.30744,50.168602,Coffee Shop,7.7,0.8614617149016708,,13807
Seattle's Best Coffee,26.309109,50.128939,Coffee Shop,7.4,0.8648481091134532,50.0,3056
Take Off,26.314222,50.147741,Coffee Shop,,0.7820588509461517,140.0,2412
Royal Waltz Cafe,26.314281,50.146071,Café,,0.5788977617582782,140.0,1513
Joffrey's Cafe,26.309998,50.149738,Coffee Shop,,0.3606044599115475,58.0,2803
Starbucks (ستاربكس),26.328694,50.109358,Coffee Shop,8.1,0.9296882171408488,36.0,202
Positive Truck,26.335723,50.121961,Café,,0.0219991921200633,74.0,3453
Maskob (مسكوب),26.335135,50.122382,Café,,0.9453127427523847,74.0,3453
Espressolab,26.334875,50.121621,Coffee Shop,,0.935556038902526,74.0,3006
Barncafe,26.354115,50.178722,Coffee Shop,,0.9449605899595024,152.0,5287
مقلط الفريج,26.391077,50.092729,Café,7.3,0.9045355208236232,822.0,14761
Starbucks (ستاربكس),26.305252,50.129422,Coffee Shop,9.4,0.9989667286629468,84.0,4226
Shrq Coffee Roasters - Kings Park Branch,26.305041,50.130629,Coffee Shop,8.9,0.9935937177102708,221.0,4213
ستاربكس,26.310076,50.136838,Coffee Shop,7.9,0.2839429634221946,188.0,3149
Costa (كوستا ارامكو),26.309062,50.128656,Coffee Shop,7.2,0.847489150650961,50.0,3056
Costa Cafe (كوستا كوفي),26.309297,50.131489,Coffee Shop,6.6,0.9125852448853068,132.0,3412
illy Coffee,26.300468,50.147992,Coffee Shop,7.1,0.1268857201901219,97.0,6665
Joffrey's,26.313944,50.121536,Coffee Shop,,0.8768340566232693,,585
Scratch Cafe,26.308785,50.128138,Café,,0.1950816284356272,50.0,2662
Üshk,26.309125,50.129112,Café,,0.3864434800578632,50.0,3056
Um Rashid Cafe,26.308729,50.125299,Café,,0.4112419921471378,37.0,2103
Dose,26.311178,50.132176,Coffee Shop,,0.9111386650134324,135.0,3097
Olabs Coffee Truck,26.308777,50.12946,Coffee Shop,,0.8600950609630089,50.0,3056
Dose (دوز),26.311296,50.132384,Coffee Shop,,0.9894606323620584,135.0,3097
Dosa Cafe,26.311067,50.132566,Café,,0.4676586071502376,135.0,3097
Joffrey's (جوفريز),26.316734,50.119307,Coffee Shop,,0.8716676999380037,,205
Lark,26.304837,50.129709,Coffee Shop,,0.8210374044224014,84.0,4196
Shrq Coffee Roasters (مقهى ومحمصة شرق),26.304902,50.130302,Coffee Shop,,0.9272576978714612,221.0,4213
Caffe’ Vergnano,26.323209,50.133677,Coffee Shop,,0.532548047117173,29.0,1685
ستاربكس,26.300505,50.120509,Coffee Shop,,0.8993593717710271,,1270
Cinnzeo,26.311867,50.145347,Café,,0.0485970854177671,45.0,2457
LAcafe,26.308154,50.144939,Coffee Shop,,0.4918371564372804,,4371
Café,26.308064,50.144917,Café,,0.3304401735895846,,4371
Joffrey's (جوفريز),26.322422,50.109356,Coffee Shop,,0.0932010746021905,,202
Forte (فورتيه),26.308296,50.177649,Coffee Shop,8.1,0.8906533973402855,227.0,17126
MammaRoti (مآمآ روتي),26.305765,50.167921,Café,7.1,0.2636150558389631,,13440
Cafe Jamoca,26.305367,50.145817,Café,,0.5391609836743129,,5250
كوستا كوفي,26.303553,50.168738,Coffee Shop,6.9,0.9574220071945152,,14333
ستاربكس,26.302494,50.146041,Coffee Shop,,0.1074602190535234,742.0,6720
Sagafrado Coffe,26.30437,50.170826,Coffee Shop,6.0,0.868819172004061,55.0,14825
Starbucks (ستاربكس),26.264333,50.067991,Coffee Shop,7.7,0.3422291850296078,235.0,6725
Rovingo,26.265446,50.070539,Coffee Shop,,0.9862302594803676,172.0,6281
ACCELent Cafe,26.275405,50.071502,Café,,0.5108497258967192,,2556
ديوانية الشيوخ للقهوة العربي,26.284161,50.060261,Café,,0.1370697091284669,69.0,69
